0	Retrieval-Augmented Generation for Knowledge-Intensive NLP Tasks Patrick Lewis†‡, Ethan Perez⋆, Aleksandra Piktus†, Fabio Petroni†, Vladimir Karpukhin†, Naman Goyal†, Heinrich Küttler†, Mike Lewis†, Wen-tau Yih†, Tim Rocktäschel†‡, Sebastian Riedel†‡, Douwe Kiela† †Facebook AI Research;‡University College London;⋆New York University; plewis@fb.com Abstract Large pre-trained language models have been shown to store factual knowledge in their parameters, and achieve state-of-the-art results when ﬁne-tuned on down- stream NLP tasks. However, their ability to access and precisely manipulate knowl- edge is still limited, and hence on knowledge-intensive tasks, their performance lags behind task-speciﬁc architectures. Additionally, providing provenance for their decisions and updating their world knowledge remain open research problems. Pre- trained models with a differentiable access mechanism to explicit non-parametric memory have so far been only investigated for extractive downstream
1	- trained models with a differentiable access mechanism to explicit non-parametric memory have so far been only investigated for extractive downstream tasks. We explore a general-purpose ﬁne-tuning recipe for retrieval-augmented generation (RAG) — models which combine pre-trained parametric and non-parametric mem- ory for language generation. We introduce RAG models where the parametric memory is a pre-trained seq2seq model and the non-parametric memory is a dense vector index of Wikipedia, accessed with a pre-trained neural retriever. We com- pare two RAG formulations, one which conditions on the same retrieved passages across the whole generated sequence, and another which can use different passages per token. We ﬁne-tune and evaluate our models on a wide range of knowledge- intensive NLP tasks and set the state of the art on three open domain QA tasks, outperforming parametric seq2seq models and task-speciﬁc retrieve-and-extract architectures. For language generation tasks, we ﬁnd
2	en domain QA tasks, outperforming parametric seq2seq models and task-speciﬁc retrieve-and-extract architectures. For language generation tasks, we ﬁnd that RAG models generate more speciﬁc, diverse and factual language than a state-of-the-art parametric-only seq2seq baseline. 1 Introduction Pre-trained neural language models have been shown to learn a substantial amount of in-depth knowl- edge from data [47]. They can do so without any access to an external memory, as a parameterized implicit knowledge base [51, 52]. While this development is exciting, such models do have down- sides: They cannot easily expand or revise their memory, can’t straightforwardly provide insight into their predictions, and may produce “hallucinations” [38]. Hybrid models that combine parametric memory with non-parametric (i.e., retrieval-based) memories [20, 26, 48] can address some of these issues because knowledge can be directly revised and expanded, and accessed knowledge can be inspected and
3	ries [20, 26, 48] can address some of these issues because knowledge can be directly revised and expanded, and accessed knowledge can be inspected and interpreted. REALM [ 20] and ORQA [ 31], two recently introduced models that combine masked language models [8] with a differentiable retriever, have shown promising results, arXiv:2005.11401v4 [cs.CL] 12 Apr 2021
4	"The Divine Comedy (x) q Query Encoder q(x) MIPS pθ Generator pθ (Parametric) Margin- alize This 14th century work is divided into 3 sections: ""Inferno"", ""Purgatorio"" & ""Paradiso"" (y) End-to-End Backprop through q and pθ Barack Obama was born in Hawaii.(x) Fact Veriﬁcation: Fact Query supports (y) Question Generation Fact Veriﬁcation: Label Generation Document Index Define ""middle ear""(x) Question Answering: Question Query The middle ear includes the tympanic cavity and the three ossicles. (y) Question Answering: Answer GenerationRetriever pη (Non-Parametric) z4 z3 z2 z1 d(z) Jeopardy Question Generation: Answer Query Figure 1: Overview of our approach. We combine a pre-trained retriever (Query Encoder + Document Index) with a pre-trained seq2seq model (Generator) and ﬁne-tune end-to-end. For query x, we use Maximum Inner Product Search (MIPS) to ﬁnd the top-K documentszi. For ﬁnal prediction y, we treatz as a latent variable and marginalize over seq2seq predictions given different"
5	ch (MIPS) to ﬁnd the top-K documentszi. For ﬁnal prediction y, we treatz as a latent variable and marginalize over seq2seq predictions given different documents. but have only explored open-domain extractive question answering. Here, we bring hybrid parametric and non-parametric memory to the “workhorse of NLP,” i.e. sequence-to-sequence (seq2seq) models. We endow pre-trained, parametric-memory generation models with a non-parametric memory through a general-purpose ﬁne-tuning approach which we refer to as retrieval-augmented generation (RAG). We build RAG models where the parametric memory is a pre-trained seq2seq transformer, and the non-parametric memory is a dense vector index of Wikipedia, accessed with a pre-trained neural retriever. We combine these components in a probabilistic model trained end-to-end (Fig. 1). The retriever (Dense Passage Retriever [26], henceforth DPR) provides latent documents conditioned on the input, and the seq2seq model (BART [32]) then conditions on
6	Dense Passage Retriever [26], henceforth DPR) provides latent documents conditioned on the input, and the seq2seq model (BART [32]) then conditions on these latent documents together with the input to generate the output. We marginalize the latent documents with a top-K approximation, either on a per-output basis (assuming the same document is responsible for all tokens) or a per-token basis (where different documents are responsible for different tokens). Like T5 [51] or BART, RAG can be ﬁne-tuned on any seq2seq task, whereby both the generator and retriever are jointly learned. There has been extensive previous work proposing architectures to enrich systems with non-parametric memory which are trained from scratch for speciﬁc tasks, e.g. memory networks [ 64, 55], stack- augmented networks [25] and memory layers [ 30]. In contrast, we explore a setting where both parametric and non-parametric memory components are pre-trained and pre-loaded with extensive knowledge. Crucially, by
7	we explore a setting where both parametric and non-parametric memory components are pre-trained and pre-loaded with extensive knowledge. Crucially, by using pre-trained access mechanisms, the ability to access knowledge is present without additional training. Our results highlight the beneﬁts of combining parametric and non-parametric memory with genera- tion for knowledge-intensive tasks—tasks that humans could not reasonably be expected to perform without access to an external knowledge source. Our RAG models achieve state-of-the-art results on open Natural Questions [29], WebQuestions [3] and CuratedTrec [2] and strongly outperform recent approaches that use specialised pre-training objectives on TriviaQA [24]. Despite these being extractive tasks, we ﬁnd that unconstrained generation outperforms previous extractive approaches. For knowledge-intensive generation, we experiment with MS-MARCO [1] and Jeopardy question generation, and we ﬁnd that our models generate responses that are
8	owledge-intensive generation, we experiment with MS-MARCO [1] and Jeopardy question generation, and we ﬁnd that our models generate responses that are more factual, speciﬁc, and diverse than a BART baseline. For FEVER [56] fact veriﬁcation, we achieve results within 4.3% of state-of-the-art pipeline models which use strong retrieval supervision. Finally, we demonstrate that the non-parametric memory can be replaced to update the models’ knowledge as the world changes.1 2 Methods We explore RAG models, which use the input sequencex to retrieve text documentsz and use them as additional context when generating the target sequence y. As shown in Figure 1, our models leverage two components: (i) a retriever pη(z|x) with parametersη that returns (top-K truncated) distributions over text passages given a queryx and (ii) a generatorpθ(yi|x,z,y 1:i−1) parametrized 1Code to run experiments with RAG has been open-sourced as part of the HuggingFace Transform- ers Library [66] and can be found at
9	1:i−1) parametrized 1Code to run experiments with RAG has been open-sourced as part of the HuggingFace Transform- ers Library [66] and can be found at https://github.com/huggingface/transformers/blob/master/ examples/rag/. An interactive demo of RAG models can be found at https://huggingface.co/rag/ 2
10	byθ that generates a current token based on a context of the previousi− 1 tokensy1:i−1, the original inputx and a retrieved passagez. To train the retriever and generator end-to-end, we treat the retrieved document as a latent variable. We propose two models that marginalize over the latent documents in different ways to produce a distribution over generated text. In one approach, RAG-Sequence, the model uses the same document to predict each target token. The second approach, RAG-Token, can predict each target token based on a different document. In the following, we formally introduce both models and then describe the pη andpθ components, as well as the training and decoding procedure. 2.1 Models RAG-Sequence Model The RAG-Sequence model uses the same retrieved document to generate the complete sequence. Technically, it treats the retrieved document as a single latent variable that is marginalized to get the seq2seq probability p(y|x) via a top-K approximation. Concretely, the top K
11	ieved document as a single latent variable that is marginalized to get the seq2seq probability p(y|x) via a top-K approximation. Concretely, the top K documents are retrieved using the retriever, and the generator produces the output sequence probability for each document, which are then marginalized, pRAG-Sequence(y|x) ≈ ∑ z∈top-k(p(·|x)) pη(z|x)pθ(y|x,z ) = ∑ z∈top-k(p(·|x)) pη(z|x) N∏ i pθ(yi|x,z,y 1:i−1) RAG-Token Model In the RAG-Token model we can draw a different latent document for each target token and marginalize accordingly. This allows the generator to choose content from several documents when producing an answer. Concretely, the top K documents are retrieved using the retriever, and then the generator produces a distribution for the next output token for each document, before marginalizing, and repeating the process with the following output token, Formally, we deﬁne: pRAG-Token(y|x) ≈ N∏ i ∑ z∈top-k(p(·|x)) pη(z|x)pθ(yi|x,z,y 1:i−1) Finally, we note that RAG can be used
12	e following output token, Formally, we deﬁne: pRAG-Token(y|x) ≈ N∏ i ∑ z∈top-k(p(·|x)) pη(z|x)pθ(yi|x,z,y 1:i−1) Finally, we note that RAG can be used for sequence classiﬁcation tasks by considering the target class as a target sequence of length one, in which case RAG-Sequence and RAG-Token are equivalent. 2.2 Retriever: DPR The retrieval componentpη(z|x) is based on DPR [26]. DPR follows a bi-encoder architecture: pη(z|x)∝ exp ( d(z)⊤q(x) ) d(z) = BERTd(z), q(x) = BERTq(x) where d(z) is a dense representation of a document produced by a BERTBASE document encoder [8], and q(x) a query representation produced by a query encoder, also based on BERTBASE. Calculating top-k(pη(·|x)), the list ofk documentsz with highest prior probabilitypη(z|x), is a Maximum Inner Product Search (MIPS) problem, which can be approximately solved in sub-linear time [23]. We use a pre-trained bi-encoder from DPR to initialize our retriever and to build the document index. This retriever was trained to
13	-linear time [23]. We use a pre-trained bi-encoder from DPR to initialize our retriever and to build the document index. This retriever was trained to retrieve documents which contain answers to TriviaQA [24] questions and Natural Questions [29]. We refer to the document index as the non-parametric memory. 2.3 Generator: BART The generator componentpθ(yi|x,z,y 1:i−1) could be modelled using any encoder-decoder. We use BART-large [32], a pre-trained seq2seq transformer [58] with 400M parameters. To combine the input x with the retrieved contentz when generating from BART, we simply concatenate them. BART was pre-trained using a denoising objective and a variety of different noising functions. It has obtained state-of-the-art results on a diverse set of generation tasks and outperforms comparably-sized T5 models [32]. We refer to the BART generator parametersθ as the parametric memory henceforth. 2.4 Training We jointly train the retriever and generator components without any direct
14	ART generator parametersθ as the parametric memory henceforth. 2.4 Training We jointly train the retriever and generator components without any direct supervision on what document should be retrieved. Given a ﬁne-tuning training corpus of input/output pairs (xj,yj), we 3
15	minimize the negative marginal log-likelihood of each target,∑ j− logp(yj|xj) using stochastic gradient descent with Adam [28]. Updating the document encoder BERTd during training is costly as it requires the document index to be periodically updated as REALM does during pre-training [20]. We do not ﬁnd this step necessary for strong performance, and keep the document encoder (and index) ﬁxed, only ﬁne-tuning the query encoder BERTq and the BART generator. 2.5 Decoding At test time, RAG-Sequence and RAG-Token require different ways to approximatearg maxyp(y|x). RAG-Token The RAG-Token model can be seen as a standard, autoregressive seq2seq genera- tor with transition probability: p′ θ(yi|x,y 1:i−1) = ∑ z∈top-k(p(·|x))pη(zi|x)pθ(yi|x,zi,y 1:i−1) To decode, we can plugp′ θ(yi|x,y 1:i−1) into a standard beam decoder. RAG-Sequence For RAG-Sequence, the likelihoodp(y|x) does not break into a conventional per- token likelihood, hence we cannot solve it with a single beam search. Instead, we
16	quence, the likelihoodp(y|x) does not break into a conventional per- token likelihood, hence we cannot solve it with a single beam search. Instead, we run beam search for each documentz, scoring each hypothesis usingpθ(yi|x,z,y 1:i−1). This yields a set of hypotheses Y , some of which may not have appeared in the beams of all documents. To estimate the probability of an hypothesis y we run an additional forward pass for each document z for which y does not appear in the beam, multiply generator probability withpη(z|x) and then sum the probabilities across beams for the marginals. We refer to this decoding procedure as “Thorough Decoding.” For longer output sequences,|Y| can become large, requiring many forward passes. For more efﬁcient decoding, we can make a further approximation thatpθ(y|x,zi)≈ 0 wherey was not generated during beam search fromx,zi. This avoids the need to run additional forward passes once the candidate set Y has been generated. We refer to this decoding procedure
17	earch fromx,zi. This avoids the need to run additional forward passes once the candidate set Y has been generated. We refer to this decoding procedure as “Fast Decoding.” 3 Experiments We experiment with RAG in a wide range of knowledge-intensive tasks. For all experiments, we use a single Wikipedia dump for our non-parametric knowledge source. Following Lee et al. [31] and Karpukhin et al. [26], we use the December 2018 dump. Each Wikipedia article is split into disjoint 100-word chunks, to make a total of 21M documents. We use the document encoder to compute an embedding for each document, and build a single MIPS index using FAISS [23] with a Hierarchical Navigable Small World approximation for fast retrieval [37]. During training, we retrieve the top k documents for each query. We considerk∈{ 5, 10} for training and setk for test time using dev data. We now discuss experimental details for each task. 3.1 Open-domain Question Answering Open-domain question answering (QA) is an
18	t time using dev data. We now discuss experimental details for each task. 3.1 Open-domain Question Answering Open-domain question answering (QA) is an important real-world application and common testbed for knowledge-intensive tasks [20]. We treat questions and answers as input-output text pairs (x,y ) and train RAG by directly minimizing the negative log-likelihood of answers. We compare RAG to the popular extractive QA paradigm [5, 7, 31, 26], where answers are extracted spans from retrieved documents, relying primarily on non-parametric knowledge. We also compare to “Closed-Book QA” approaches [52], which, like RAG, generate answers, but which do not exploit retrieval, instead relying purely on parametric knowledge. We consider four popular open-domain QA datasets: Natural Questions (NQ) [29], TriviaQA (TQA) [24]. WebQuestions (WQ) [3] and CuratedTrec (CT) [2]. As CT and WQ are small, we follow DPR [26] by initializing CT and WQ models with our NQ RAG model. We use the same
19	(WQ) [3] and CuratedTrec (CT) [2]. As CT and WQ are small, we follow DPR [26] by initializing CT and WQ models with our NQ RAG model. We use the same train/dev/test splits as prior work [ 31, 26] and report Exact Match (EM) scores. For TQA, to compare with T5 [52], we also evaluate on the TQA Wiki test set. 3.2 Abstractive Question Answering RAG models can go beyond simple extractive QA and answer questions with free-form, abstractive text generation. To test RAG’s natural language generation (NLG) in a knowledge-intensive setting, we use the MSMARCO NLG task v2.1 [ 43]. The task consists of questions, ten gold passages retrieved from a search engine for each question, and a full sentence answer annotated from the retrieved passages. We do not use the supplied passages, only the questions and answers, to treat 4
20	MSMARCO as an open-domain abstractive QA task. MSMARCO has some questions that cannot be answered in a way that matches the reference answer without access to the gold passages, such as “What is the weather in V olcano, CA?” so performance will be lower without using gold passages. We also note that some MSMARCO questions cannot be answered using Wikipedia alone. Here, RAG can rely on parametric knowledge to generate reasonable responses. 3.3 Jeopardy Question Generation To evaluate RAG’s generation abilities in a non-QA setting, we study open-domain question gen- eration. Rather than use questions from standard open-domain QA tasks, which typically consist of short, simple questions, we propose the more demanding task of generating Jeopardy questions. Jeopardy is an unusual format that consists of trying to guess an entity from a fact about that entity. For example, “The World Cup” is the answer to the question “In 1986 Mexico scored as the ﬁrst country to host this international
21	ct about that entity. For example, “The World Cup” is the answer to the question “In 1986 Mexico scored as the ﬁrst country to host this international sports competition twice.” As Jeopardy questions are precise, factual statements, generating Jeopardy questions conditioned on their answer entities constitutes a challenging knowledge-intensive generation task. We use the splits from SearchQA [ 10], with 100K train, 14K dev, and 27K test examples. As this is a new task, we train a BART model for comparison. Following [67], we evaluate using the SQuAD-tuned Q-BLEU-1 metric [ 42]. Q-BLEU is a variant of BLEU with a higher weight for matching entities and has higher correlation with human judgment for question generation than standard metrics. We also perform two human evaluations, one to assess generation factuality, and one for speciﬁcity. We deﬁne factuality as whether a statement can be corroborated by trusted external sources, and speciﬁcity as high mutual dependence between the
22	city. We deﬁne factuality as whether a statement can be corroborated by trusted external sources, and speciﬁcity as high mutual dependence between the input and output [ 33]. We follow best practice and use pairwise comparative evaluation [34]. Evaluators are shown an answer and two generated questions, one from BART and one from RAG. They are then asked to pick one of four options—quuestion A is better, question B is better, both are good, or neither is good. 3.4 Fact Veriﬁcation FEVER [ 56] requires classifying whether a natural language claim is supported or refuted by Wikipedia, or whether there is not enough information to decide. The task requires retrieving evidence from Wikipedia relating to the claim and then reasoning over this evidence to classify whether the claim is true, false, or unveriﬁable from Wikipedia alone. FEVER is a retrieval problem coupled with an challenging entailment reasoning task. It also provides an appropriate testbed for exploring the RAG models’
23	ER is a retrieval problem coupled with an challenging entailment reasoning task. It also provides an appropriate testbed for exploring the RAG models’ ability to handle classiﬁcation rather than generation. We map FEVER class labels (supports, refutes, or not enough info) to single output tokens and directly train with claim-class pairs. Crucially, unlike most other approaches to FEVER, we do not use supervision on retrieved evidence. In many real-world applications, retrieval supervision signals aren’t available, and models that do not require such supervision will be applicable to a wider range of tasks. We explore two variants: the standard 3-way classiﬁcation task (supports/refutes/not enough info) and the 2-way (supports/refutes) task studied in Thorne and Vlachos [57]. In both cases we report label accuracy. 4 Results 4.1 Open-domain Question Answering Table 1 shows results for RAG along with state-of-the-art models. On all four open-domain QA tasks, RAG sets a new state of the
24	"ain Question Answering Table 1 shows results for RAG along with state-of-the-art models. On all four open-domain QA tasks, RAG sets a new state of the art (only on the T5-comparable split for TQA). RAG combines the generation ﬂexibility of the “closed-book” (parametric only) approaches and the performance of ""open-book"" retrieval-based approaches. Unlike REALM and T5+SSM, RAG enjoys strong results without expensive, specialized “salient span masking” pre-training [20]. It is worth noting that RAG’s retriever is initialized using DPR’s retriever, which uses retrieval supervision on Natural Questions and TriviaQA. RAG compares favourably to the DPR QA system, which uses a BERT-based “cross- encoder” to re-rank documents, along with an extractive reader. RAG demonstrates that neither a re-ranker nor extractive reader is necessary for state-of-the-art performance. There are several advantages to generating answers even when it is possible to extract them. Docu- ments with clues about the"
25	-of-the-art performance. There are several advantages to generating answers even when it is possible to extract them. Docu- ments with clues about the answer but do not contain the answer verbatim can still contribute towards a correct answer being generated, which is not possible with standard extractive approaches, leading 5
26	Table 1: Open-Domain QA Test Scores. For TQA, left column uses the standard test set for Open- Domain QA, right column uses the TQA-Wiki test set. See Appendix D for further details. Model NQ TQA WQ CT Closed Book T5-11B [52] 34.5 - /50.1 37.4 - T5-11B+SSM[52] 36.6 - /60.5 44.7 - Open Book REALM [20] 40.4 - / - 40.7 46.8 DPR [26] 41.5 57.9/ - 41.1 50.6 RAG-Token 44.1 55.2/66.1 45.5 50.0 RAG-Seq. 44.5 56.8/68.0 45.2 52.2 Table 2: Generation and classiﬁcation Test Scores. MS-MARCO SotA is [4], FEVER-3 is [68] and FEVER-2 is [ 57] *Uses gold context/evidence. Best model without gold access underlined. Model Jeopardy MSMARCO FVR3 FVR2 B-1 QB-1 R-L B-1 Label Acc. SotA - - 49.8* 49.9* 76.8 92.2 * BART 15.1 19.7 38.2 41.6 64.0 81.1 RAG-Tok. 17.3 22.2 40.1 41.5 72.5 89.5RAG-Seq. 14.7 21.4 40.8 44.2 to more effective marginalization over documents. Furthermore, RAG can generate correct answers even when the correct answer is not in any retrieved document, achieving 11.8% accuracy in such cases
27	s. Furthermore, RAG can generate correct answers even when the correct answer is not in any retrieved document, achieving 11.8% accuracy in such cases for NQ, where an extractive model would score 0%. 4.2 Abstractive Question Answering As shown in Table 2, RAG-Sequence outperforms BART on Open MS-MARCO NLG by 2.6 Bleu points and 2.6 Rouge-L points. RAG approaches state-of-the-art model performance, which is impressive given that (i) those models access gold passages with speciﬁc information required to generate the reference answer , (ii) many questions are unanswerable without the gold passages, and (iii) not all questions are answerable from Wikipedia alone. Table 3 shows some generated answers from our models. Qualitatively, we ﬁnd that RAG models hallucinate less and generate factually correct text more often than BART. Later, we also show that RAG generations are more diverse than BART generations (see §4.5). 4.3 Jeopardy Question Generation Table 2 shows that RAG-Token performs
28	so show that RAG generations are more diverse than BART generations (see §4.5). 4.3 Jeopardy Question Generation Table 2 shows that RAG-Token performs better than RAG-Sequence on Jeopardy question generation, with both models outperforming BART on Q-BLEU-1. 4 shows human evaluation results, over 452 pairs of generations from BART and RAG-Token. Evaluators indicated that BART was more factual than RAG in only 7.1% of cases, while RAG was more factual in 42.7% of cases, and both RAG and BART were factual in a further 17% of cases, clearly demonstrating the effectiveness of RAG on the task over a state-of-the-art generation model. Evaluators also ﬁnd RAG generations to be more speciﬁc by a large margin. Table 3 shows typical generations from each model. Jeopardy questions often contain two separate pieces of information, and RAG-Token may perform best because it can generate responses that combine content from several documents. Figure 2 shows an example. When generating “Sun”, the
29	"may perform best because it can generate responses that combine content from several documents. Figure 2 shows an example. When generating “Sun”, the posterior is high for document 2 which mentions “The Sun Also Rises”. Similarly, document 1 dominates the posterior when “A Farewell to Arms” is generated. Intriguingly, after the ﬁrst token of each book is generated, the document posterior ﬂattens. This observation suggests that the generator can complete the titles without depending on speciﬁc documents. In other words, the model’s parametric knowledge is sufﬁcient to complete the titles. We ﬁnd evidence for this hypothesis by feeding the BART-only baseline with the partial decoding ""The Sun. BART completes the generation ""The Sun Also Rises"" is a novel by this author of ""The Sun Also Rises"" indicating the title ""The Sun Also Rises"" is stored in BART’s parameters. Similarly, BART will complete the partial decoding ""The Sun Also Rises"" is a novel by this author of ""A with ""The Sun Also"
30	"tored in BART’s parameters. Similarly, BART will complete the partial decoding ""The Sun Also Rises"" is a novel by this author of ""A with ""The Sun Also Rises"" is a novel by this author of ""A Farewell to Arms"". This example shows how parametric and non-parametric memories work together—the non-parametric component helps to guide the generation, drawing out speciﬁc knowledge stored in the parametric memory. 4.4 Fact Veriﬁcation Table 2 shows our results on FEVER. For 3-way classiﬁcation, RAG scores are within 4.3% of state-of-the-art models, which are complex pipeline systems with domain-speciﬁc architectures and substantial engineering, trained using intermediate retrieval supervision, which RAG does not require. 6"
31	"Document 1: his works are considered classics of American literature ... His wartime experiences formed the basis for his novel ”A Farewell to Arms” (1929) ... Document 2: ... artists of the 1920s ”Lost Generation” expatriate community . His debut novel, ”The Sun Also Rises”, was published in 1926. BOS ” TheSunAlso R ises ” is a novel by this author of ” A Farewellto Arms ” Doc 1 Doc 2 Doc 3 Doc 4 Doc 5 Figure 2: RAG-Token document posteriorp(zi|x,yi,y−i) for each generated token for input “Hem- ingway"" for Jeopardy generation with 5 retrieved documents. The posterior for document 1 is high when generating “A Farewell to Arms"" and for document 2 when generating “The Sun Also Rises"". Table 3: Examples from generation tasks. RAG models generate more speciﬁc and factually accurate responses. ‘?’ indicates factually incorrect responses, * indicates partially correct responses. Task Input Model Generation MS- MARCO deﬁne middle ear BART ?The middle ear is the part of the ear between the"
32	"indicates partially correct responses. Task Input Model Generation MS- MARCO deﬁne middle ear BART ?The middle ear is the part of the ear between the middle ear and the nose. RAG-T The middle ear is the portion of the ear internal to the eardrum. RAG-S The middle ear includes the tympanic cavity and the three ossicles. what currency needed in scotland BART The currency needed in Scotland is Pound sterling. RAG-T Pound is the currency needed in Scotland. RAG-S The currency needed in Scotland is the pound sterling. Jeopardy Question Gener -ation Washington BART ?This state has the largest number of counties in the U.S. RAG-T It’s the only U.S. state named for a U.S. president RAG-S It’s the state where you’ll ﬁnd Mount Rainier National Park The Divine Comedy BART *This epic poem by Dante is divided into 3 parts: the Inferno, the Purgatorio & the Purgatorio RAG-T Dante’s ""Inferno"" is the ﬁrst part of this epic poem RAG-S This 14th century work is divided into 3 sections: ""Inferno"","
33	"atorio & the Purgatorio RAG-T Dante’s ""Inferno"" is the ﬁrst part of this epic poem RAG-S This 14th century work is divided into 3 sections: ""Inferno"", ""Purgatorio"" & ""Paradiso"" For 2-way classiﬁcation, we compare against Thorne and Vlachos [57], who train RoBERTa [35] to classify the claim as true or false given the gold evidence sentence. RAG achieves an accuracy within 2.7% of this model, despite being supplied with only the claim and retrieving its own evidence. We also analyze whether documents retrieved by RAG correspond to documents annotated as gold evidence in FEVER. We calculate the overlap in article titles between the topk documents retrieved by RAG and gold evidence annotations. We ﬁnd that the top retrieved document is from a gold article in 71% of cases, and a gold article is present in the top 10 retrieved articles in 90% of cases. 4.5 Additional Results Generation Diversity Section 4.3 shows that RAG models are more factual and speciﬁc than BART for Jeopardy question"
34	% of cases. 4.5 Additional Results Generation Diversity Section 4.3 shows that RAG models are more factual and speciﬁc than BART for Jeopardy question generation. Following recent work on diversity-promoting decoding [33, 59, 39], we also investigate generation diversity by calculating the ratio of distinct ngrams to total ngrams generated by different models. Table 5 shows that RAG-Sequence’s generations are more diverse than RAG-Token’s, and both are signiﬁcantly more diverse than BART without needing any diversity-promoting decoding. Retrieval Ablations A key feature of RAG is learning to retrieve relevant information for the task. To assess the effectiveness of the retrieval mechanism, we run ablations where we freeze the retriever during training. As shown in Table 6, learned retrieval improves results for all tasks. We compare RAG’s dense retriever to a word overlap-based BM25 retriever [53]. Here, we replace RAG’s retriever with a ﬁxed BM25 system, and use BM25 retrieval scores
35	s dense retriever to a word overlap-based BM25 retriever [53]. Here, we replace RAG’s retriever with a ﬁxed BM25 system, and use BM25 retrieval scores as logits when calculating p(z|x). Table 6 shows the results. For FEVER, BM25 performs best, perhaps since FEVER claims are heavily entity-centric and thus well-suited for word overlap-based retrieval. Differentiable retrieval improves results on all other tasks, especially for Open-Domain QA, where it is crucial. Index hot-swapping An advantage of non-parametric memory models like RAG is that knowledge can be easily updated at test time. Parametric-only models like T5 or BART need further training to update their behavior as the world changes. To demonstrate, we build an index using the DrQA [5] Wikipedia dump from December 2016 and compare outputs from RAG using this index to the newer index from our main results (December 2018). We prepare a list of 82 world leaders who had changed 7
36	Table 4: Human assessments for the Jeopardy Question Generation Task. Factuality Speciﬁcity BART better 7.1% 16.8% RAG better 42.7% 37.4% Both good 11.7% 11.8% Both poor 17.7% 6.9% No majority 20.8% 20.1% Table 5: Ratio of distinct to total tri-grams for generation tasks. MSMARCO Jeopardy QGen Gold 89.6% 90.0% BART 70.7% 32.4% RAG-Token 77.8% 46.8% RAG-Seq. 83.5% 53.8% Table 6: Ablations on the dev set. As FEVER is a classiﬁcation task, both RAG models are equivalent. Model NQ TQA WQ CT Jeopardy-QGen MSMarco FVR-3 FVR-2 Exact Match B-1 QB-1 R-L B-1 Label Accuracy RAG-Token-BM25 29.7 41.5 32.1 33.1 17.5 22.3 55.5 48.4 75.1 91.6RAG-Sequence-BM25 31.8 44.1 36.6 33.8 11.1 19.5 56.5 46.9 RAG-Token-Frozen 37.8 50.1 37.1 51.1 16.7 21.7 55.9 49.4 72.9 89.4RAG-Sequence-Frozen 41.2 52.1 41.8 52.6 11.8 19.6 56.7 47.3 RAG-Token 43.5 54.8 46.5 51.9 17.9 22.6 56.2 49.4 74.5 90.6RAG-Sequence 44.0 55.8 44.9 53.4 15.3 21.5 57.2 47.5 between these dates and use a template “Who is {position}?” (e.g.
37	.9 17.9 22.6 56.2 49.4 74.5 90.6RAG-Sequence 44.0 55.8 44.9 53.4 15.3 21.5 57.2 47.5 between these dates and use a template “Who is {position}?” (e.g. “Who is the President of Peru?”) to query our NQ RAG model with each index. RAG answers 70% correctly using the 2016 index for 2016 world leaders and 68% using the 2018 index for 2018 world leaders. Accuracy with mismatched indices is low (12% with the 2018 index and 2016 leaders, 4% with the 2016 index and 2018 leaders). This shows we can update RAG’s world knowledge by simply replacing its non-parametric memory. Effect of Retrieving more documents Models are trained with either 5 or 10 retrieved latent documents, and we do not observe signiﬁcant differences in performance between them. We have the ﬂexibility to adjust the number of retrieved documents at test time, which can affect performance and runtime. Figure 3 (left) shows that retrieving more documents at test time monotonically improves Open-domain QA results for RAG-Sequence,
38	ormance and runtime. Figure 3 (left) shows that retrieving more documents at test time monotonically improves Open-domain QA results for RAG-Sequence, but performance peaks for RAG-Token at 10 retrieved documents. Figure 3 (right) shows that retrieving more documents leads to higher Rouge-L for RAG-Token at the expense of Bleu-1, but the effect is less pronounced for RAG-Sequence. 10 20 30 40 50 KR e t r i e v e dD o c s 39 40 41 42 43 44NQ Exact Match RAG-Tok RAG-Seq 10 20 30 40 50 KR e t r i e v e dD o c s 40 50 60 70 80NQ Answer Recall @ K RAG-Tok RAG-Seq Fixed DPR BM25 10 20 30 40 50 KR e t r i e v e dD o c s 48 50 52 54 56Bleu-1 / Rouge-L score RAG-Tok R-L RAG-Tok B-1 RAG-Seq R-L RAG-Seq B-1 Figure 3: Left: NQ performance as more documents are retrieved. Center: Retrieval recall perfor- mance in NQ. Right: MS-MARCO Bleu-1 and Rouge-L as more documents are retrieved. 5 Related Work Single-Task Retrieval Prior work has shown that retrieval improves performance across a variety of
39	e-L as more documents are retrieved. 5 Related Work Single-Task Retrieval Prior work has shown that retrieval improves performance across a variety of NLP tasks when considered in isolation. Such tasks include open-domain question answering [5, 29], fact checking [ 56], fact completion [ 48], long-form question answering [ 12], Wikipedia article generation [36], dialogue [ 41, 65, 9, 13], translation [ 17], and language modeling [ 19, 27]. Our work uniﬁes previous successes in incorporating retrieval into individual tasks, showing that a single retrieval-based architecture is capable of achieving strong performance across several tasks. 8
40	General-Purpose Architectures for NLP Prior work on general-purpose architectures for NLP tasks has shown great success without the use of retrieval. A single, pre-trained language model has been shown to achieve strong performance on various classiﬁcation tasks in the GLUE bench- marks [60, 61] after ﬁne-tuning [49, 8]. GPT-2 [50] later showed that a single, left-to-right, pre-trained language model could achieve strong performance across both discriminative and generative tasks. For further improvement, BART [32] and T5 [51, 52] propose a single, pre-trained encoder-decoder model that leverages bi-directional attention to achieve stronger performance on discriminative and generative tasks. Our work aims to expand the space of possible tasks with a single, uniﬁed architecture, by learning a retrieval module to augment pre-trained, generative language models. Learned Retrieval There is signiﬁcant work on learning to retrieve documents in information retrieval, more recently with
41	generative language models. Learned Retrieval There is signiﬁcant work on learning to retrieve documents in information retrieval, more recently with pre-trained, neural language models [ 44, 26] similar to ours. Some work optimizes the retrieval module to aid in a speciﬁc, downstream task such as question answering, using search [46], reinforcement learning [6, 63, 62], or a latent variable approach [31, 20] as in our work. These successes leverage different retrieval-based architectures and optimization techniques to achieve strong performance on a single task, while we show that a single retrieval-based architecture can be ﬁne-tuned for strong performance on a variety of tasks. Memory-based Architectures Our document index can be seen as a large external memory for neural networks to attend to, analogous to memory networks [64, 55]. Concurrent work [14] learns to retrieve a trained embedding for each entity in the input, rather than to retrieve raw text as in our work. Other work
42	Concurrent work [14] learns to retrieve a trained embedding for each entity in the input, rather than to retrieve raw text as in our work. Other work improves the ability of dialog models to generate factual text by attending over fact embeddings [15, 13]. A key feature of our memory is that it is comprised of raw text rather distributed representations, which makes the memory both (i) human-readable, lending a form of interpretability to our model, and (ii) human-writable, enabling us to dynamically update the model’s memory by editing the document index. This approach has also been used in knowledge-intensive dialog, where generators have been conditioned on retrieved text directly, albeit obtained via TF-IDF rather than end-to-end learnt retrieval [9]. Retrieve-and-Edit approaches Our method shares some similarities with retrieve-and-edit style approaches, where a similar training input-output pair is retrieved for a given input, and then edited to provide a ﬁnal output. These
43	-and-edit style approaches, where a similar training input-output pair is retrieved for a given input, and then edited to provide a ﬁnal output. These approaches have proved successful in a number of domains including Machine Translation [ 18, 22] and Semantic Parsing [21]. Our approach does have several differences, including less of emphasis on lightly editing a retrieved item, but on aggregating content from several pieces of retrieved content, as well as learning latent retrieval, and retrieving evidence documents rather than related training pairs. This said, RAG techniques may work well in these settings, and could represent promising future work. 6 Discussion In this work, we presented hybrid generation models with access to parametric and non-parametric memory. We showed that our RAG models obtain state of the art results on open-domain QA. We found that people prefer RAG’s generation over purely parametric BART, ﬁnding RAG more factual and speciﬁc. We conducted an thorough
44	pen-domain QA. We found that people prefer RAG’s generation over purely parametric BART, ﬁnding RAG more factual and speciﬁc. We conducted an thorough investigation of the learned retrieval component, validating its effectiveness, and we illustrated how the retrieval index can be hot-swapped to update the model without requiring any retraining. In future work, it may be fruitful to investigate if the two components can be jointly pre-trained from scratch, either with a denoising objective similar to BART or some another objective. Our work opens up new research directions on how parametric and non-parametric memories interact and how to most effectively combine them, showing promise in being applied to a wide variety of NLP tasks. 9
45	Broader Impact This work offers several positive societal beneﬁts over previous work: the fact that it is more strongly grounded in real factual knowledge (in this case Wikipedia) makes it “hallucinate” less with generations that are more factual, and offers more control and interpretability. RAG could be employed in a wide variety of scenarios with direct beneﬁt to society, for example by endowing it with a medical index and asking it open-domain questions on that topic, or by helping people be more effective at their jobs. With these advantages also come potential downsides: Wikipedia, or any potential external knowledge source, will probably never be entirely factual and completely devoid of bias. Since RAG can be employed as a language model, similar concerns as for GPT-2 [50] are valid here, although arguably to a lesser extent, including that it might be used to generate abuse, faked or misleading content in the news or on social media; to impersonate others; or to automate the
46	cluding that it might be used to generate abuse, faked or misleading content in the news or on social media; to impersonate others; or to automate the production of spam/phishing content [54]. Advanced language models may also lead to the automation of various jobs in the coming decades [16]. In order to mitigate these risks, AI systems could be employed to ﬁght against misleading content and automated spam/phishing. Acknowledgments The authors would like to thank the reviewers for their thoughtful and constructive feedback on this paper, as well as HuggingFace for their help in open-sourcing code to run RAG models. The authors would also like to thank Kyunghyun Cho and Sewon Min for productive discussions and advice. EP thanks supports from the NSF Graduate Research Fellowship. PL is supported by the FAIR PhD program. References [1] Payal Bajaj, Daniel Campos, Nick Craswell, Li Deng, Jianfeng Gao, Xiaodong Liu, Rangan Majumder, Andrew McNamara, Bhaskar Mitra, Tri Nguyen, Mir
47	s [1] Payal Bajaj, Daniel Campos, Nick Craswell, Li Deng, Jianfeng Gao, Xiaodong Liu, Rangan Majumder, Andrew McNamara, Bhaskar Mitra, Tri Nguyen, Mir Rosenberg, Xia Song, Alina Stoica, Saurabh Tiwary, and Tong Wang. MS MARCO: A Human Generated MAchine Reading COmprehension Dataset. arXiv:1611.09268 [cs], November 2016. URL http: //arxiv.org/abs/1611.09268. arXiv: 1611.09268. [2] Petr Baudiš and Jan Šediv`y. Modeling of the question answering task in the yodaqa system. In International Conference of the Cross-Language Evaluation Forum for European Languages, pages 222–228. Springer, 2015. URL https://link.springer.com/chapter/10.1007% 2F978-3-319-24027-5_20 . [3] Jonathan Berant, Andrew Chou, Roy Frostig, and Percy Liang. Semantic Parsing on Freebase from Question-Answer Pairs. In Proceedings of the 2013 Conference on Empirical Methods in Natural Language Processing, pages 1533–1544, Seattle, Washington, USA, October 2013. Association for Computational Linguistics. URL
48	irical Methods in Natural Language Processing, pages 1533–1544, Seattle, Washington, USA, October 2013. Association for Computational Linguistics. URL http://www.aclweb.org/anthology/ D13-1160. [4] Bin Bi, Chenliang Li, Chen Wu, Ming Yan, and Wei Wang. Palm: Pre-training an autoencod- ing&autoregressive language model for context-conditioned generation. ArXiv, abs/2004.07159, 2020. URL https://arxiv.org/abs/2004.07159. [5] Danqi Chen, Adam Fisch, Jason Weston, and Antoine Bordes. Reading Wikipedia to Answer Open-Domain Questions. In Proceedings of the 55th Annual Meeting of the Association for Computational Linguistics (Volume 1: Long Papers), pages 1870–1879, Vancouver, Canada, July 2017. Association for Computational Linguistics. doi: 10.18653/v1/P17-1171. URL https://www.aclweb.org/anthology/P17-1171. [6] Eunsol Choi, Daniel Hewlett, Jakob Uszkoreit, Illia Polosukhin, Alexandre Lacoste, and Jonathan Berant. Coarse-to-ﬁne question answering for long documents. In Proceedings of the
49	Jakob Uszkoreit, Illia Polosukhin, Alexandre Lacoste, and Jonathan Berant. Coarse-to-ﬁne question answering for long documents. In Proceedings of the 55th Annual Meeting of the Association for Computational Linguistics (Volume 1: Long Papers), pages 209–220, Vancouver, Canada, July 2017. Association for Computational Linguistics. doi: 10.18653/v1/P17-1020. URL https://www.aclweb.org/anthology/P17-1020. 10
50	[7] Christopher Clark and Matt Gardner. Simple and Effective Multi-Paragraph Reading Compre- hension. arXiv:1710.10723 [cs], October 2017. URL http://arxiv.org/abs/1710.10723. arXiv: 1710.10723. [8] Jacob Devlin, Ming-Wei Chang, Kenton Lee, and Kristina Toutanova. BERT: Pre-training of Deep Bidirectional Transformers for Language Understanding. In Proceedings of the 2019 Con- ference of the North American Chapter of the Association for Computational Linguistics: Human Language Technologies, Volume 1 (Long and Short Papers), pages 4171–4186, Minneapolis, Minnesota, June 2019. Association for Computational Linguistics. doi: 10.18653/v1/N19-1423. URL https://www.aclweb.org/anthology/N19-1423. [9] Emily Dinan, Stephen Roller, Kurt Shuster, Angela Fan, Michael Auli, and Jason Weston. Wiz- ard of wikipedia: Knowledge-powered conversational agents. In International Conference on Learning Representations, 2019. URL https://openreview.net/forum?id=r1l73iRqKm. [10] Matthew Dunn, Levent Sagun,
51	gents. In International Conference on Learning Representations, 2019. URL https://openreview.net/forum?id=r1l73iRqKm. [10] Matthew Dunn, Levent Sagun, Mike Higgins, V . Ugur Guney, V olkan Cirik, and Kyunghyun Cho. SearchQA: A New Q&A Dataset Augmented with Context from a Search Engine. arXiv:1704.05179 [cs], April 2017. URL http://arxiv.org/abs/1704.05179. arXiv: 1704.05179. [11] Angela Fan, Mike Lewis, and Yann Dauphin. Hierarchical neural story generation. In Proceed- ings of the 56th Annual Meeting of the Association for Computational Linguistics (Volume 1: Long Papers), pages 889–898, Melbourne, Australia, July 2018. Association for Computational Linguistics. doi: 10.18653/v1/P18-1082. URL https://www.aclweb.org/anthology/ P18-1082. [12] Angela Fan, Yacine Jernite, Ethan Perez, David Grangier, Jason Weston, and Michael Auli. ELI5: Long form question answering. In Proceedings of the 57th Annual Meeting of the Association for Computational Linguistics, pages 3558–3567, Florence,
52	: Long form question answering. In Proceedings of the 57th Annual Meeting of the Association for Computational Linguistics, pages 3558–3567, Florence, Italy, July 2019. Association for Computational Linguistics. doi: 10.18653/v1/P19-1346. URL https://www.aclweb.org/ anthology/P19-1346. [13] Angela Fan, Claire Gardent, Chloe Braud, and Antoine Bordes. Augmenting transformers with KNN-based composite memory, 2020. URL https://openreview.net/forum?id= H1gx1CNKPH. [14] Thibault Févry, Livio Baldini Soares, Nicholas FitzGerald, Eunsol Choi, and Tom Kwiatkowski. Entities as experts: Sparse memory access with entity supervision. ArXiv, abs/2004.07202, 2020. URL https://arxiv.org/abs/2004.07202. [15] Marjan Ghazvininejad, Chris Brockett, Ming-Wei Chang, Bill Dolan, Jianfeng Gao, Wen tau Yih, and Michel Galley. A knowledge-grounded neural conversation model. In AAAI Conference on Artiﬁcial Intelligence, 2018. URL https://www.aaai.org/ocs/index.php/ AAAI/AAAI18/paper/view/16710. [16] Katja
53	nversation model. In AAAI Conference on Artiﬁcial Intelligence, 2018. URL https://www.aaai.org/ocs/index.php/ AAAI/AAAI18/paper/view/16710. [16] Katja Grace, John Salvatier, Allan Dafoe, Baobao Zhang, and Owain Evans. When will AI exceed human performance? evidence from AI experts. CoRR, abs/1705.08807, 2017. URL http://arxiv.org/abs/1705.08807. [17] Jiatao Gu, Yong Wang, Kyunghyun Cho, and Victor O.K. Li. Search engine guided neural machine translation. In AAAI Conference on Artiﬁcial Intelligence , 2018. URL https: //www.aaai.org/ocs/index.php/AAAI/AAAI18/paper/view/17282. [18] Jiatao Gu, Yong Wang, Kyunghyun Cho, and Victor O.K. Li. Search engine guided neural machine translation. In 32nd AAAI Conference on Artiﬁcial Intelligence, AAAI 2018 , 32nd AAAI Conference on Artiﬁcial Intelligence, AAAI 2018, pages 5133–5140. AAAI press, 2018. 32nd AAAI Conference on Artiﬁcial Intelligence, AAAI 2018 ; Conference date: 02-02-2018 Through 07-02-2018. [19] Kelvin Guu, Tatsunori B. Hashimoto,
54	. 32nd AAAI Conference on Artiﬁcial Intelligence, AAAI 2018 ; Conference date: 02-02-2018 Through 07-02-2018. [19] Kelvin Guu, Tatsunori B. Hashimoto, Yonatan Oren, and Percy Liang. Generating sentences by editing prototypes. Transactions of the Association for Computational Linguistics, 6:437–450, 2018. doi: 10.1162/tacl_a_00030. URL https://www.aclweb.org/anthology/Q18-1031. 11
55	[20] Kelvin Guu, Kenton Lee, Zora Tung, Panupong Pasupat, and Ming-Wei Chang. REALM: Retrieval-augmented language model pre-training. ArXiv, abs/2002.08909, 2020. URL https: //arxiv.org/abs/2002.08909. [21] Tatsunori B Hashimoto, Kelvin Guu, Yonatan Oren, and Percy S Liang. A retrieve-and-edit framework for predicting structured outputs. In S. Bengio, H. Wallach, H. Larochelle, K. Grauman, N. Cesa-Bianchi, and R. Garnett, ed- itors, Advances in Neural Information Processing Systems 31 , pages 10052– 10062. Curran Associates, Inc., 2018. URL http://papers.nips.cc/paper/ 8209-a-retrieve-and-edit-framework-for-predicting-structured-outputs. pdf. [22] Nabil Hossain, Marjan Ghazvininejad, and Luke Zettlemoyer. Simple and effective retrieve- edit-rerank text generation. In Proceedings of the 58th Annual Meeting of the Association for Computational Linguistics, pages 2532–2538, Online, July 2020. Association for Computa- tional Linguistics. doi: 10.18653/v1/2020.acl-main.228. URL
56	or Computational Linguistics, pages 2532–2538, Online, July 2020. Association for Computa- tional Linguistics. doi: 10.18653/v1/2020.acl-main.228. URL https://www.aclweb.org/ anthology/2020.acl-main.228. [23] Jeff Johnson, Matthijs Douze, and Hervé Jégou. Billion-scale similarity search with gpus. arXiv preprint arXiv:1702.08734, 2017. URL https://arxiv.org/abs/1702.08734. [24] Mandar Joshi, Eunsol Choi, Daniel Weld, and Luke Zettlemoyer. TriviaQA: A Large Scale Distantly Supervised Challenge Dataset for Reading Comprehension. In Proceedings of the 55th Annual Meeting of the Association for Computational Linguistics (Volume 1: Long Papers), pages 1601–1611, Vancouver, Canada, July 2017. Association for Computational Linguistics. doi: 10.18653/v1/P17-1147. URL https://www.aclweb.org/anthology/P17-1147. [25] Armand Joulin and Tomas Mikolov. Inferring algorithmic patterns with stack- augmented recurrent nets. In Proceedings of the 28th International Conference on Neural Information
57	ikolov. Inferring algorithmic patterns with stack- augmented recurrent nets. In Proceedings of the 28th International Conference on Neural Information Processing Systems - Volume 1 , NIPS’15, page 190–198, Cam- bridge, MA, USA, 2015. MIT Press. URL https://papers.nips.cc/paper/ 5857-inferring-algorithmic-patterns-with-stack-augmented-recurrent-nets . [26] Vladimir Karpukhin, Barlas Oguz, Sewon Min, Ledell Wu, Sergey Edunov, Danqi Chen, and Wen-tau Yih. Dense passage retrieval for open-domain question answering. arXiv preprint arXiv:2004.04906, 2020. URL https://arxiv.org/abs/2004.04906. [27] Urvashi Khandelwal, Omer Levy, Dan Jurafsky, Luke Zettlemoyer, and Mike Lewis. Generaliza- tion through memorization: Nearest neighbor language models. In International Conference on Learning Representations, 2020. URL https://openreview.net/forum?id=HklBjCEKvH. [28] Diederik P. Kingma and Jimmy Ba. Adam: A method for stochastic optimization. In Yoshua Bengio and Yann LeCun, editors, 3rd
58	t/forum?id=HklBjCEKvH. [28] Diederik P. Kingma and Jimmy Ba. Adam: A method for stochastic optimization. In Yoshua Bengio and Yann LeCun, editors, 3rd International Conference on Learning Representations, ICLR 2015, San Diego, CA, USA, May 7-9, 2015, Conference Track Proceedings, 2015. URL http://arxiv.org/abs/1412.6980. [29] Tom Kwiatkowski, Jennimaria Palomaki, Olivia Redﬁeld, Michael Collins, Ankur Parikh, Chris Alberti, Danielle Epstein, Illia Polosukhin, Matthew Kelcey, Jacob Devlin, Ken- ton Lee, Kristina N. Toutanova, Llion Jones, Ming-Wei Chang, Andrew Dai, Jakob Uszkoreit, Quoc Le, and Slav Petrov. Natural Questions: a Benchmark for Ques- tion Answering Research. Transactions of the Association of Computational Lin- guistics, 2019. URL https://tomkwiat.users.x20web.corp.google.com/papers/ natural-questions/main-1455-kwiatkowski.pdf . [30] Guillaume Lample, Alexandre Sablayrolles, Marc’ Aurelio Ranzato, Ludovic Denoyer, and Herve Jegou. Large memory layers with product keys.
59	i.pdf . [30] Guillaume Lample, Alexandre Sablayrolles, Marc’ Aurelio Ranzato, Ludovic Denoyer, and Herve Jegou. Large memory layers with product keys. In H. Wallach, H. Larochelle, A. Beygelzimer, F. d’ Alché-Buc, E. Fox, and R. Garnett, editors, Advances in Neural In- formation Processing Systems 32, pages 8548–8559. Curran Associates, Inc., 2019. URL http: //papers.nips.cc/paper/9061-large-memory-layers-with-product-keys.pdf . [31] Kenton Lee, Ming-Wei Chang, and Kristina Toutanova. Latent retrieval for weakly supervised open domain question answering. In Proceedings of the 57th Annual Meeting of the Association 12
60	for Computational Linguistics, pages 6086–6096, Florence, Italy, July 2019. Association for Computational Linguistics. doi: 10.18653/v1/P19-1612. URL https://www.aclweb.org/ anthology/P19-1612. [32] Mike Lewis, Yinhan Liu, Naman Goyal, Marjan Ghazvininejad, Abdelrahman Mohamed, Omer Levy, Veselin Stoyanov, and Luke Zettlemoyer. BART: Denoising sequence-to-sequence pre-training for natural language generation, translation, and comprehension. arXiv preprint arXiv:1910.13461, 2019. URL https://arxiv.org/abs/1910.13461. [33] Jiwei Li, Michel Galley, Chris Brockett, Jianfeng Gao, and Bill Dolan. A diversity-promoting objective function for neural conversation models. In Proceedings of the 2016 Conference of the North American Chapter of the Association for Computational Linguistics: Human Language Technologies, pages 110–119, San Diego, California, June 2016. Association for Computational Linguistics. doi: 10.18653/v1/N16-1014. URL https://www.aclweb.org/anthology/ N16-1014. [34] Margaret
61	fornia, June 2016. Association for Computational Linguistics. doi: 10.18653/v1/N16-1014. URL https://www.aclweb.org/anthology/ N16-1014. [34] Margaret Li, Jason Weston, and Stephen Roller. Acute-eval: Improved dialogue evaluation with optimized questions and multi-turn comparisons. ArXiv, abs/1909.03087, 2019. URL https://arxiv.org/abs/1909.03087. [35] Hairong Liu, Mingbo Ma, Liang Huang, Hao Xiong, and Zhongjun He. Robust neural machine translation with joint textual and phonetic embedding. In Proceedings of the 57th Annual Meeting of the Association for Computational Linguistics, pages 3044–3049, Florence, Italy, July 2019. Association for Computational Linguistics. doi: 10.18653/v1/P19-1291. URL https://www.aclweb.org/anthology/P19-1291. [36] Peter J. Liu*, Mohammad Saleh*, Etienne Pot, Ben Goodrich, Ryan Sepassi, Lukasz Kaiser, and Noam Shazeer. Generating wikipedia by summarizing long sequences. In International Conference on Learning Representations, 2018. URL
62	ukasz Kaiser, and Noam Shazeer. Generating wikipedia by summarizing long sequences. In International Conference on Learning Representations, 2018. URL https://openreview.net/forum? id=Hyg0vbWC-. [37] Yury A. Malkov and D. A. Yashunin. Efﬁcient and robust approximate nearest neighbor search using hierarchical navigable small world graphs. IEEE Transactions on Pattern Analysis and Machine Intelligence, 42:824–836, 2016. URL https://arxiv.org/abs/1603.09320. [38] Gary Marcus. The next decade in ai: four steps towards robust artiﬁcial intelligence. arXiv preprint arXiv:2002.06177, 2020. URL https://arxiv.org/abs/2002.06177. [39] Luca Massarelli, Fabio Petroni, Aleksandra Piktus, Myle Ott, Tim Rocktäschel, Vassilis Plachouras, Fabrizio Silvestri, and Sebastian Riedel. How decoding strategies affect the veriﬁability of generated text. arXiv preprint arXiv:1911.03587 , 2019. URL https: //arxiv.org/abs/1911.03587. [40] Paulius Micikevicius, Sharan Narang, Jonah Alben, Gregory Diamos, Erich
63	preprint arXiv:1911.03587 , 2019. URL https: //arxiv.org/abs/1911.03587. [40] Paulius Micikevicius, Sharan Narang, Jonah Alben, Gregory Diamos, Erich Elsen, David Garcia, Boris Ginsburg, Michael Houston, Oleksii Kuchaiev, Ganesh Venkatesh, and Hao Wu. Mixed precision training. In ICLR, 2018. URL https://openreview.net/forum?id=r1gs9JgRZ. [41] Nikita Moghe, Siddhartha Arora, Suman Banerjee, and Mitesh M. Khapra. Towards exploit- ing background knowledge for building conversation systems. In Proceedings of the 2018 Conference on Empirical Methods in Natural Language Processing, pages 2322–2332, Brus- sels, Belgium, October-November 2018. Association for Computational Linguistics. doi: 10.18653/v1/D18-1255. URL https://www.aclweb.org/anthology/D18-1255. [42] Preksha Nema and Mitesh M. Khapra. Towards a better metric for evaluating question generation systems. In Proceedings of the 2018 Conference on Empirical Methods in Natural Language Processing, pages 3950–3959, Brussels, Belgium,
64	ion generation systems. In Proceedings of the 2018 Conference on Empirical Methods in Natural Language Processing, pages 3950–3959, Brussels, Belgium, October-November 2018. Association for Computational Linguistics. doi: 10.18653/v1/D18-1429. URL https://www.aclweb.org/ anthology/D18-1429. [43] Tri Nguyen, Mir Rosenberg, Xia Song, Jianfeng Gao, Saurabh Tiwary, Rangan Majumder, and Li Deng. MS MARCO: A human generated machine reading comprehension dataset. In Tarek Richard Besold, Antoine Bordes, Artur S. d’Avila Garcez, and Greg Wayne, editors, Proceedings of the Workshop on Cognitive Computation: Integrating neural and symbolic 13
65	approaches 2016 co-located with the 30th Annual Conference on Neural Information Processing Systems (NIPS 2016), Barcelona, Spain, December 9, 2016, volume 1773 of CEUR Workshop Proceedings. CEUR-WS.org, 2016. URL http://ceur-ws.org/Vol-1773/CoCoNIPS_ 2016_paper9.pdf. [44] Rodrigo Nogueira and Kyunghyun Cho. Passage re-ranking with BERT. arXiv preprint arXiv:1901.04085, 2019. URL https://arxiv.org/abs/1901.04085. [45] Myle Ott, Sergey Edunov, Alexei Baevski, Angela Fan, Sam Gross, Nathan Ng, David Grangier, and Michael Auli. fairseq: A fast, extensible toolkit for sequence modeling. In Proceedings of the 2019 Conference of the North American Chapter of the Association for Computational Linguistics (Demonstrations), pages 48–53, Minneapolis, Minnesota, June 2019. Association for Computational Linguistics. doi: 10.18653/v1/N19-4009. URL https://www.aclweb. org/anthology/N19-4009. [46] Ethan Perez, Siddharth Karamcheti, Rob Fergus, Jason Weston, Douwe Kiela, and Kyunghyun Cho. Finding
66	https://www.aclweb. org/anthology/N19-4009. [46] Ethan Perez, Siddharth Karamcheti, Rob Fergus, Jason Weston, Douwe Kiela, and Kyunghyun Cho. Finding generalizable evidence by learning to convince q&a models. In Proceedings of the 2019 Conference on Empirical Methods in Natural Language Processing and the 9th International Joint Conference on Natural Language Processing (EMNLP-IJCNLP) , pages 2402–2411, Hong Kong, China, November 2019. Association for Computational Linguistics. doi: 10.18653/v1/D19-1244. URL https://www.aclweb.org/anthology/D19-1244. [47] Fabio Petroni, Tim Rocktäschel, Sebastian Riedel, Patrick Lewis, Anton Bakhtin, Yuxiang Wu, and Alexander Miller. Language models as knowledge bases? In Proceedings of the 2019 Conference on Empirical Methods in Natural Language Processing and the 9th International Joint Conference on Natural Language Processing (EMNLP-IJCNLP), pages 2463–2473, Hong Kong, China, November 2019. Association for Computational Linguistics. doi:
67	rence on Natural Language Processing (EMNLP-IJCNLP), pages 2463–2473, Hong Kong, China, November 2019. Association for Computational Linguistics. doi: 10.18653/v1/ D19-1250. URL https://www.aclweb.org/anthology/D19-1250. [48] Fabio Petroni, Patrick Lewis, Aleksandra Piktus, Tim Rocktäschel, Yuxiang Wu, Alexander H. Miller, and Sebastian Riedel. How context affects language models’ factual predictions. In Automated Knowledge Base Construction, 2020. URL https://openreview.net/forum? id=025X0zPfn. [49] Alec Radford, Karthik Narasimhan, Tim Salimans, and Ilya Sutskever. Im- proving Language Understanding by Generative Pre-Training, 2018. URL https://s3-us-west-2.amazonaws.com/openai-assets/research-covers/ language-unsupervised/language_understanding_paper.pdf. [50] Alec Radford, Jeff Wu, Rewon Child, David Luan, Dario Amodei, and Ilya Sutskever. Language models are unsupervised multitask learners, 2019. URL https://d4mucfpksywv.cloudfront.net/better-language-models/language_
68	nd Ilya Sutskever. Language models are unsupervised multitask learners, 2019. URL https://d4mucfpksywv.cloudfront.net/better-language-models/language_ models_are_unsupervised_multitask_learners.pdf. [51] Colin Raffel, Noam Shazeer, Adam Roberts, Katherine Lee, Sharan Narang, Michael Matena, Yanqi Zhou, Wei Li, and Peter J. Liu. Exploring the limits of transfer learning with a uniﬁed text-to-text transformer. arXiv e-prints, 2019. URL https://arxiv.org/abs/1910.10683. [52] Adam Roberts, Colin Raffel, and Noam Shazeer. How much knowledge can you pack into the parameters of a language model? arXiv e-prints, 2020. URL https://arxiv.org/abs/ 2002.08910. [53] Stephen Robertson and Hugo Zaragoza. The probabilistic relevance framework: Bm25 and beyond. Found. Trends Inf. Retr., 3(4):333–389, April 2009. ISSN 1554-0669. doi: 10.1561/ 1500000019. URL https://doi.org/10.1561/1500000019. [54] Irene Solaiman, Miles Brundage, Jack Clark, Amanda Askell, Ariel Herbert-V oss, Jeff Wu, Alec Radford,
69	9. URL https://doi.org/10.1561/1500000019. [54] Irene Solaiman, Miles Brundage, Jack Clark, Amanda Askell, Ariel Herbert-V oss, Jeff Wu, Alec Radford, and Jian-Bing Wang. Release strategies and the social impacts of language models. ArXiv, abs/1908.09203, 2019. [55] Sainbayar Sukhbaatar, Arthur Szlam, Jason Weston, and Rob Fergus. End-to-end memory net- works. In C. Cortes, N. D. Lawrence, D. D. Lee, M. Sugiyama, and R. Garnett, editors,Advances in Neural Information Processing Systems 28, pages 2440–2448. Curran Associates, Inc., 2015. URL http://papers.nips.cc/paper/5846-end-to-end-memory-networks.pdf . 14
70	[56] James Thorne, Andreas Vlachos, Christos Christodoulopoulos, and Arpit Mittal. FEVER: a large-scale dataset for fact extraction and VERiﬁcation. In Proceedings of the 2018 Conference of the North American Chapter of the Association for Computational Linguistics: Human Language Technologies, Volume 1 (Long Papers), pages 809–819, New Orleans, Louisiana, June 2018. Association for Computational Linguistics. doi: 10.18653/v1/N18-1074. URL https://www.aclweb.org/anthology/N18-1074. [57] James H. Thorne and Andreas Vlachos. Avoiding catastrophic forgetting in mitigating model biases in sentence-pair classiﬁcation with elastic weight consolidation. ArXiv, abs/2004.14366, 2020. URL https://arxiv.org/abs/2004.14366. [58] Ashish Vaswani, Noam Shazeer, Niki Parmar, Jakob Uszkoreit, Llion Jones, Aidan N Gomez, Ł ukasz Kaiser, and Illia Polosukhin. Attention is all you need. In I. Guyon, U. V . Luxburg, S. Bengio, H. Wallach, R. Fergus, S. Vishwanathan, and R. Garnett, editors,Advances in
71	sukhin. Attention is all you need. In I. Guyon, U. V . Luxburg, S. Bengio, H. Wallach, R. Fergus, S. Vishwanathan, and R. Garnett, editors,Advances in Neural Information Processing Systems 30, pages 5998–6008. Curran Associates, Inc., 2017. URL http://papers.nips.cc/paper/7181-attention-is-all-you-need.pdf . [59] Ashwin Vijayakumar, Michael Cogswell, Ramprasaath Selvaraju, Qing Sun, Stefan Lee, David Crandall, and Dhruv Batra. Diverse beam search for improved description of complex scenes. AAAI Conference on Artiﬁcial Intelligence, 2018. URL https://www.aaai.org/ocs/index. php/AAAI/AAAI18/paper/view/17329. [60] Alex Wang, Amanpreet Singh, Julian Michael, Felix Hill, Omer Levy, and Samuel Bowman. GLUE: A multi-task benchmark and analysis platform for natural language understanding. In Proceedings of the 2018 EMNLP Workshop BlackboxNLP: Analyzing and Interpreting Neural Networks for NLP, pages 353–355, Brussels, Belgium, November 2018. Association for Computational Linguistics. doi:
72	: Analyzing and Interpreting Neural Networks for NLP, pages 353–355, Brussels, Belgium, November 2018. Association for Computational Linguistics. doi: 10.18653/v1/W18-5446. URL https://www.aclweb.org/ anthology/W18-5446. [61] Alex Wang, Yada Pruksachatkun, Nikita Nangia, Amanpreet Singh, Julian Michael, Felix Hill, Omer Levy, and Samuel Bowman. SuperGLUE: A Stickier Benchmark for General- Purpose Language Understanding Systems. In H. Wallach, H. Larochelle, A. Beygelzimer, F. d\textquotesingle Alché-Buc, E. Fox, and R. Garnett, editors,Advances in Neural Information Processing Systems 32, pages 3261–3275. Curran Associates, Inc., 2019. URL https:// arxiv.org/abs/1905.00537. [62] Shuohang Wang, Mo Yu, Xiaoxiao Guo, Zhiguo Wang, Tim Klinger, Wei Zhang, Shiyu Chang, Gerry Tesauro, Bowen Zhou, and Jing Jiang. R3: Reinforced ranker-reader for open-domain question answering. In Sheila A. McIlraith and Kilian Q. Weinberger, editors, Proceedings of the Thirty-Second AAAI Conference on
73	ader for open-domain question answering. In Sheila A. McIlraith and Kilian Q. Weinberger, editors, Proceedings of the Thirty-Second AAAI Conference on Artiﬁcial Intelligence, (AAAI-18), the 30th innovative Applications of Artiﬁcial Intelligence (IAAI-18), and the 8th AAAI Symposium on Educational Advances in Artiﬁcial Intelligence (EAAI-18), New Orleans, Louisiana, USA, February 2-7, 2018, pages 5981–5988. AAAI Press, 2018. URL https://www.aaai.org/ocs/index. php/AAAI/AAAI18/paper/view/16712. [63] Shuohang Wang, Mo Yu, Jing Jiang, Wei Zhang, Xiaoxiao Guo, Shiyu Chang, Zhiguo Wang, Tim Klinger, Gerald Tesauro, and Murray Campbell. Evidence aggregation for answer re- ranking in open-domain question answering. In ICLR, 2018. URL https://openreview. net/forum?id=rJl3yM-Ab. [64] Jason Weston, Sumit Chopra, and Antoine Bordes. Memory networks. In Yoshua Bengio and Yann LeCun, editors, 3rd International Conference on Learning Representations, ICLR 2015, San Diego, CA, USA, May 7-9, 2015,
74	rks. In Yoshua Bengio and Yann LeCun, editors, 3rd International Conference on Learning Representations, ICLR 2015, San Diego, CA, USA, May 7-9, 2015, Conference Track Proceedings , 2015. URL http://arxiv.org/abs/1410.3916. [65] Jason Weston, Emily Dinan, and Alexander Miller. Retrieve and reﬁne: Improved sequence generation models for dialogue. In Proceedings of the 2018 EMNLP Workshop SCAI: The 2nd International Workshop on Search-Oriented Conversational AI, pages 87–92, Brussels, Belgium, October 2018. Association for Computational Linguistics. doi: 10.18653/v1/W18-5713. URL https://www.aclweb.org/anthology/W18-5713. 15
75	[66] Thomas Wolf, Lysandre Debut, Victor Sanh, Julien Chaumond, Clement Delangue, Anthony Moi, Pierric Cistac, Tim Rault, Rémi Louf, Morgan Funtowicz, Joe Davison, Sam Shleifer, Patrick von Platen, Clara Ma, Yacine Jernite, Julien Plu, Canwen Xu, Teven Le Scao, Sylvain Gugger, Mariama Drame, Quentin Lhoest, and Alexander M. Rush. Huggingface’s transformers: State-of-the-art natural language processing. ArXiv, abs/1910.03771, 2019. [67] Shiyue Zhang and Mohit Bansal. Addressing semantic drift in question generation for semi- supervised question answering. In Proceedings of the 2019 Conference on Empirical Meth- ods in Natural Language Processing and the 9th International Joint Conference on Natural Language Processing (EMNLP-IJCNLP) , pages 2495–2509, Hong Kong, China, Novem- ber 2019. Association for Computational Linguistics. doi: 10.18653/v1/D19-1253. URL https://www.aclweb.org/anthology/D19-1253. [68] Wanjun Zhong, Jingjing Xu, Duyu Tang, Zenan Xu, Nan Duan, Ming Zhou, Jiahai Wang,
76	653/v1/D19-1253. URL https://www.aclweb.org/anthology/D19-1253. [68] Wanjun Zhong, Jingjing Xu, Duyu Tang, Zenan Xu, Nan Duan, Ming Zhou, Jiahai Wang, and Jian Yin. Reasoning over semantic-level graph for fact checking. ArXiv, abs/1909.03745, 2019. URL https://arxiv.org/abs/1909.03745. 16
77	"Appendices for Retrieval-Augmented Generation for Knowledge-Intensive NLP Tasks A Implementation Details For Open-domain QA we report test numbers using 15 retrieved documents for RAG-Token models. For RAG-Sequence models, we report test results using 50 retrieved documents, and we use the Thorough Decoding approach since answers are generally short. We use greedy decoding for QA as we did not ﬁnd beam search improved results. For Open-MSMarco and Jeopardy question generation, we report test numbers using ten retrieved documents for both RAG-Token and RAG-Sequence, and we also train a BART-large model as a baseline. We use a beam size of four, and use the Fast Decoding approach for RAG-Sequence models, as Thorough Decoding did not improve performance. B Human Evaluation Figure 4: Annotation interface for human evaluation of factuality. A pop-out for detailed instructions and a worked example appear when clicking ""view tool guide"". Figure 4 shows the user interface for human"
78	"ctuality. A pop-out for detailed instructions and a worked example appear when clicking ""view tool guide"". Figure 4 shows the user interface for human evaluation. To avoid any biases for screen position, which model corresponded to sentence A and sentence B was randomly selected for each example. Annotators were encouraged to research the topic using the internet, and were given detailed instruc- tions and worked examples in a full instructions tab. We included some gold sentences in order to assess the accuracy of the annotators. Two annotators did not perform well on these examples and their annotations were removed from the results. C Training setup Details We train all RAG models and BART baselines using Fairseq [45].2 We train with mixed precision ﬂoating point arithmetic [ 40], distributing training across 8, 32GB NVIDIA V100 GPUs, though training and inference can be run on one GPU. We ﬁnd that doing Maximum Inner Product Search with FAISS is sufﬁciently fast on CPU, so we"
79	GPUs, though training and inference can be run on one GPU. We ﬁnd that doing Maximum Inner Product Search with FAISS is sufﬁciently fast on CPU, so we store document index vectors on CPU, requiring∼ 100 GB of CPU memory for all of Wikipedia. After submission, We have ported our code to HuggingFace Transformers [66]3, which achieves equivalent performance to the previous version but is a cleaner and easier to use implementation. This version is also open-sourced. We also compress the document index using FAISS’s compression tools, reducing the CPU memory requirement to 36GB. Scripts to run experiments with RAG can be found athttps://github.com/huggingface/transformers/ blob/master/examples/rag/README.md and an interactive demo of a RAG model can be found at https://huggingface.co/rag/ 2https://github.com/pytorch/fairseq 3https://github.com/huggingface/transformers 17
80	D Further Details on Open-Domain QA For open-domain QA, multiple answer annotations are often available for a given question. These answer annotations are exploited by extractive models during training as typically all the answer annotations are used to ﬁnd matches within documents when preparing training data. For RAG, we also make use of multiple annotation examples for Natural Questions and WebQuestions by training the model with each (q,a ) pair separately, leading to a small increase in accuracy. For TriviaQA, there are often many valid answers to a given question, some of which are not suitable training targets, such as emoji or spelling variants. For TriviaQA, we ﬁlter out answer candidates if they do not occur in top 1000 documents for the query. CuratedTrec preprocessing The answers for CuratedTrec are given in the form of regular expres- sions, which has been suggested as a reason why it is unsuitable for answer-generation models [20]. To overcome this, we use a
81	form of regular expres- sions, which has been suggested as a reason why it is unsuitable for answer-generation models [20]. To overcome this, we use a pre-processing step where we ﬁrst retrieve the top 1000 documents for each query, and use the answer that most frequently matches the regex pattern as the supervision target. If no matches are found, we resort to a simple heuristic: generate all possible permutations for each regex, replacing non-deterministic symbols in the regex nested tree structure with a whitespace. TriviaQA Evaluation setups The open-domain QA community customarily uses public develop- ment datasets as test datasets, as test data for QA datasets is often restricted and dedicated to reading compehension purposes. We report our results using the datasets splits used in DPR [26], which are consistent with common practice in Open-domain QA. For TriviaQA, this test dataset is the public TriviaQA Web Development split. Roberts et al.[52] used the TriviaQA ofﬁcial
82	"practice in Open-domain QA. For TriviaQA, this test dataset is the public TriviaQA Web Development split. Roberts et al.[52] used the TriviaQA ofﬁcial Wikipedia test set instead. Févry et al. [14] follow this convention in order to compare with Roberts et al. [52] (See appendix of [14]). We report results on both test sets to enable fair comparison to both approaches. We ﬁnd that our performance is much higher using the ofﬁcial Wiki test set, rather than the more conventional open-domain test set, which we attribute to the ofﬁcial Wiki test set questions being simpler to answer from Wikipedia. E Further Details on FEVER For FEVER classiﬁcation, we follow the practice from [ 32], and ﬁrst re-generate the claim, and then classify using the representation of the ﬁnal hidden state, before ﬁnally marginalizing across documents to obtain the class probabilities. The FEVER task traditionally has two sub-tasks. The ﬁrst is to classify the claim as either ""Supported"", ""Refuted"" or ""Not Enough"
83	"class probabilities. The FEVER task traditionally has two sub-tasks. The ﬁrst is to classify the claim as either ""Supported"", ""Refuted"" or ""Not Enough Info"", which is the task we explore in the main paper. FEVER’s other sub-task involves extracting sentences from Wikipedia as evidence supporting the classiﬁcation prediction. As FEVER uses a different Wikipedia dump to us, directly tackling this task is not straightforward. We hope to address this in future work. F Null Document Probabilities We experimented with adding ""Null document"" mechanism to RAG, similar to REALM [20] in order to model cases where no useful information could be retrieved for a given input. Here, ifk documents were retrieved, we would additionally ""retrieve"" an empty document and predict a logit for the null document, before marginalizing overk + 1 predictions. We explored modelling this null document logit by learning (i) a document embedding for the null document, (ii) a static learnt bias term, or (iii) a"
84	We explored modelling this null document logit by learning (i) a document embedding for the null document, (ii) a static learnt bias term, or (iii) a neural network to predict the logit. We did not ﬁnd that these improved performance, so in the interests of simplicity, we omit them. For Open MS-MARCO, where useful retrieved documents cannot always be retrieved, we observe that the model learns to always retrieve a particular set of documents for questions that are less likely to beneﬁt from retrieval, suggesting that null document mechanisms may not be necessary for RAG. G Parameters Our RAG models contain the trainable parameters for the BERT-base query and document encoder of DPR, with 110M parameters each (although we do not train the document encoder ourselves) and 406M trainable parameters from BART-large, 406M parameters, making a total of 626M trainable 18
85	"Table 7: Number of instances in the datasets used. *A hidden subset of this data is used for evaluation Task Train Development Test Natural Questions 79169 8758 3611 TriviaQA 78786 8838 11314 WebQuestions 3418 362 2033 CuratedTrec 635 134 635 Jeopardy Question Generation 97392 13714 26849 MS-MARCO 153726 12468 101093* FEVER-3-way 145450 10000 10000 FEVER-2-way 96966 6666 6666 parameters. The best performing ""closed-book"" (parametric only) open-domain QA model is T5-11B with 11 Billion trainable parameters. The T5 model with the closest number of parameters to our models is T5-large (770M parameters), which achieves a score of 28.9 EM on Natural Questions [52], substantially below the 44.5 that RAG-Sequence achieves, indicating that hybrid parametric/non- parametric models require far fewer trainable parameters for strong open-domain QA performance. The non-parametric memory index does not consist of trainable parameters, but does consists of 21M 728 dimensional vectors, consisting of"
86	performance. The non-parametric memory index does not consist of trainable parameters, but does consists of 21M 728 dimensional vectors, consisting of 15.3B values. These can be easily be stored at 8-bit ﬂoating point precision to manage memory and disk footprints. H Retrieval Collapse In preliminary experiments, we observed that for some tasks such as story generation [ 11], the retrieval component would “collapse” and learn to retrieve the same documents regardless of the input. In these cases, once retrieval had collapsed, the generator would learn to ignore the documents, and the RAG model would perform equivalently to BART. The collapse could be due to a less-explicit requirement for factual knowledge in some tasks, or the longer target sequences, which could result in less informative gradients for the retriever. Perez et al.[46] also found spurious retrieval results when optimizing a retrieval component in order to improve performance on downstream tasks. I Number of instances
87	also found spurious retrieval results when optimizing a retrieval component in order to improve performance on downstream tasks. I Number of instances per dataset The number of training, development and test datapoints in each of our datasets is shown in Table 7. 19
88	Precise Zero-Shot Dense Retrieval without Relevance Labels Luyu Gao∗† Xueguang Ma∗‡ Jimmy Lin‡ Jamie Callan† †Language Technologies Institute, Carnegie Mellon University ‡David R. Cheriton School of Computer Science, University of Waterloo {luyug, callan}@cs.cmu.edu, {x93ma, jimmylin}@uwaterloo.ca Abstract While dense retrieval has been shown effec- tive and efﬁcient across tasks and languages, it remains difﬁcult to create effective fully zero-shot dense retrieval systems when no rel- evance label is available. In this paper, we recognize the difﬁculty of zero-shot learning and encoding relevance. Instead, we pro- pose to pivot through Hypothetical Document Embeddings (HyDE). Given a query, HyDE ﬁrst zero-shot instructs an instruction-following language model (e.g. InstructGPT) to gen- erate a hypothetical document. The docu- ment captures relevance patterns but is unreal and may contain false details. Then, an un- supervised contrastively learned encoder (e.g. Contriever) encodes
89	ptures relevance patterns but is unreal and may contain false details. Then, an un- supervised contrastively learned encoder (e.g. Contriever) encodes the document into an embedding vector. This vector identiﬁes a neighborhood in the corpus embedding space, where similar real documents are retrieved based on vector similarity. This second step ground the generated document to the actual corpus, with the encoder’s dense bottleneck ﬁltering out the incorrect details. Our exper- iments show that HyDE signiﬁcantly outper- forms the state-of-the-art unsupervised dense retriever Contriever and shows strong per- formance comparable to ﬁne-tuned retrievers, across various tasks (e.g. web search, QA, fact veriﬁcation) and languages (e.g. sw, ko, ja).1 1 Introduction Dense retrieval (Lee et al., 2019; Karpukhin et al., 2020), the method of retrieving documents using semantic embedding similarities, has been shown successful across tasks like web search, question answering, and fact veriﬁcation.
90	ing documents using semantic embedding similarities, has been shown successful across tasks like web search, question answering, and fact veriﬁcation. A variety of meth- ods such as negative mining (Xiong et al., 2021; Qu et al., 2021), distillation (Qu et al., 2021; Lin et al., 2021b; Hofstätter et al., 2021) and task-speciﬁc ∗ Equal contribution. 1No models were trained or ﬁne-tuned in making this pre- print. Our open source code is available at https://github. com/texttron/hyde. pre-training (Izacard et al., 2021; Gao and Callan, 2021; Lu et al., 2021; Gao and Callan, 2022; Liu and Shao, 2022) have been proposed to improve the effectiveness of supervised dense retrieval models. On the other hand, zero-shot dense retrieval still remains difﬁcult. Many recent works consider the alternative transfer learning setup, where the dense retrievers are trained on a high-resource dataset and then evaluated on queries from new tasks. The MS- MARCO collection (Bajaj et al., 2016), a massive
91	trievers are trained on a high-resource dataset and then evaluated on queries from new tasks. The MS- MARCO collection (Bajaj et al., 2016), a massive judged dataset with a large number of judged query- document pairs, is arguably the most commonly used. As argued by Izacard et al. (2021), in prac- tice, however, the existence of such a large dataset cannot always be assumed. Even MS-MARCO re- stricts commercial use and cannot be adopted in a variety of real-world search scenarios. In this paper, we aim to build effective fully zero-shot dense retrieval systems that require no relevance supervision, work out-of-box and gener- alize across tasks. As supervision is not available, we start by examining self-supervised representa- tion learning methods. Modern deep learning en- ables two distinct learning algorithms. At the token level, generative large language models (LLM) pre- trained on large corpus have demonstrated strong natural language understanding (NLU) and gen- eration (NLG)
92	nerative large language models (LLM) pre- trained on large corpus have demonstrated strong natural language understanding (NLU) and gen- eration (NLG) capabilities (Brown et al., 2020; Chen et al., 2021; Rae et al., 2021; Hoffmann et al., 2022; Thoppilan et al., 2022; Chowdhery et al., 2022). At the document level, text (chunk) encoders pre-trained with contrastive objectives learn to encode document-document similarity into inner-product (Izacard et al., 2021; Gao and Callan, 2022). On top of these, one extra insight into LLM is borrowed: the LLMs further trained to follow instructions can zero-shot generalize to diverse un- seen instructions (Ouyang et al., 2022; Sanh et al., 2022; Min et al., 2022; Wei et al., 2022). Ouyang et al. (2022) show that with a small amount of data, GPT-3 (Brown et al., 2020) models can be aligned arXiv:2212.10496v1 [cs.IR] 20 Dec 2022
93	HyDE GPT Contriever how long does it take to remove wisdom tooth It usually takes between 30 minutes and two hours to remove a wisdom tooth... How wisdom teeth are removed... Some ... a few minutes, whereas others can take 20 minutes or longer.... How has the COVID-19 pandemic impacted mental health? ...depression and anxiety had increased by 20% since the start of the pandemic... ... two studies investigating COVID-19 patients ... significantly higher level of depressive ... write a passage to answer the question write a scientific paper passage to answer the question 인간은 언제 불을 사용했는가 ? write a passage in Korean to answer the question in detail 인간이 불을 사용한 기록은 약 800 만년 전부터 나타난다 ... ... 불을 처음 사용한 시기는 호모 에렉투스가 살았던 142 만 년 전으 로 거슬러간다 ... instruction query generated document real document Figure 1: An illustration of the HyDE model. Documents snippets are shown. HyDE serves all types of queries without changing the underlyingGPT-3 andContriever/mContriever models. to human intent to follow
94	"snippets are shown. HyDE serves all types of queries without changing the underlyingGPT-3 andContriever/mContriever models. to human intent to follow instructions. With these ingredients, we propose to pivot through Hypothetical Document Embeddings ( HyDE), and decompose dense retrieval into two tasks, a generative task per- formed by an instruction-following language model and a document-document similarity task performed by a contrastive encoder (Figure 1). First, we feed the query to the generative model and instruct it to ""write a document that answers the question"", i.e. a hypothetical document. We expect the generative process to capture ""relevance"" by giving an example; the generated document is not real, can contain factual errors but is like a relevant document. In the second step, we use an unsupervised contrastive encoder to encode this document into an embedding vector. Here, we expect the encoder’s dense bottleneck to serve a lossy compressor, where the extra"
95	encoder to encode this document into an embedding vector. Here, we expect the encoder’s dense bottleneck to serve a lossy compressor, where the extra (hallucinated) details are ﬁltered out from the embedding. We use this vector to search against the corpus embeddings. The most similar real documents are retrieved and returned. The retrieval leverages document-document similarity encoded in the inner-product during contrastive training. Note that, interestingly, with HyDE factorization, the query-document similarity score is no longer explicitly modeled nor computed. Instead, the retrieval task is cast into two NLU and NLG tasks. HyDE appears unsupervised. No model is trained in HyDE: both the generative model and the con- trastive encoder remain intact. Supervision signals were only involved in instruction learning of our backbone LLM. In our experiments, we showHyDE using Instruct- GPT (Ouyang et al., 2022) and Contriever (Izacard et al., 2021) as backbone models signiﬁcantly out-
96	. In our experiments, we showHyDE using Instruct- GPT (Ouyang et al., 2022) and Contriever (Izacard et al., 2021) as backbone models signiﬁcantly out- performs the previous state-of-the-art Contriever- only zero-shot no-relevance system on 11 queries sets, covering tasks like Web Search, Question Answering, Fact Veriﬁcation and languages like Swahili, Korean, Japanese. 2 Related Works Dense Retrieval (Lee et al., 2019; Karpukhin et al., 2020) has been extensively studied after the emergence of pre-trained Transformer language models (Devlin et al., 2019). Researchers stud- ied the metric learning problems, such as training loss (Karpukhin et al., 2020) and negative sam- pling (Xiong et al., 2021; Qu et al., 2021), and also introduced distillation (Qu et al., 2021; Lin et al., 2021b; Hofstätter et al., 2021). Later works studied the second stage pre-training of language model speciﬁcally for retrieval (Izacard et al., 2021; Gao and Callan, 2021; Lu et al., 2021; Gao and Callan, 2022;
97	ond stage pre-training of language model speciﬁcally for retrieval (Izacard et al., 2021; Gao and Callan, 2021; Lu et al., 2021; Gao and Callan, 2022; Liu and Shao, 2022). The popularity of dense retrieval can be partially attributed to the rich and successful research in very efﬁcient minimum inner product search (MIPS) at very large (billion) scales (Johnson et al., 2017). Instructions-Following Language Models Soon after the emergence of LLMs, several groups of researchers discover that LLMs trained on data consisting of instructions and their execution can zero-shot generalize to perform new tasks with new instructions (Ouyang et al., 2022; Sanh et al., 2022; Min et al., 2022; Wei et al., 2022). This can be done by standard supervised sequence-to-sequence learning or more effectively with reinforcement learning (Ouyang et al., 2022). Concurrent to us, Asai et al. (2022) studied “Task-aware Retrieval with Instructions”. They ﬁne-tuned dense encoders that can also encode
98	al., 2022). Concurrent to us, Asai et al. (2022) studied “Task-aware Retrieval with Instructions”. They ﬁne-tuned dense encoders that can also encode task-speciﬁc instruction prepended to query. In comparison, we use an unsupervised encoder and handle different tasks and their instruction with an
99	instruction following generative LLM, as described above. Zero-Shot Dense Retrieval The tasks of zero- shot (dense) retrieval are arguably empirically de- ﬁned by Thakur et al. (2021) for the neural re- trieval community. Their BEIR benchmark con- sists of diverse retrieval tasks. The paper and many follow-up research generally consider the Transfer Learning setup where the dense re- triever is ﬁrst learned using a diverse and richly supervised corpus and query collection, namely MS-MARCO (Thakur et al., 2021; Wang et al., 2022; Yu et al., 2022). However, as stated by Izacard et al. (2021), such a large collection can rarely be assumed. In this paper, therefore, we study the problem of building effective dense retrieval systems without relevance labels. Similar to Izacard et al. (2021), we also do not assume access to the test time corpora for training. This is a more realistic setup and prevents over-engineering on the test corpora. By the deﬁnition in Sachan et al. (2022), our setup
100	ra for training. This is a more realistic setup and prevents over-engineering on the test corpora. By the deﬁnition in Sachan et al. (2022), our setup can be roughly considered as “unsuper- vised”. Strictly, as with Sachan et al. (2022), the only supervision resides in the LLM, in the pro- cessing of learning to follow instructions. Generative Retrieval Generative search is a new class of retrieval methods that use neural generative models as search indices (Metzler et al., 2021; Tay et al., 2022; Bevilacqua et al., 2022; Lee et al., 2022). These models use (constrained) decoding to generate document identiﬁers, such as id and sub-string, which map directly to real documents. They have to go through special training procedures over relevance data; effective search may also need to use novel forms of search indices (Bevilacqua et al., 2022; Lee et al., 2022). In comparison, our method uses the standard MIPS index and requires no training or training data. Our generative model produces
101	22; Lee et al., 2022). In comparison, our method uses the standard MIPS index and requires no training or training data. Our generative model produces an intermediate hypothetical document to be fed into a dense encoder, instead of a real document. 3 Methodology In this section, we ﬁrst formally deﬁne the prob- lem of (zero-shot) dense retrieval. Then we will introduce howHyDE is designed to solve it. 3.1 Preliminaries Dense retrieval models similarity between query and document with inner product similarity. Given a query q and document d, it uses two encoder function encq and encd to map them into d dimen- sion vectors vq, vd, whose inner product is used as similarity measurement. sim(q, d) = ⟨encq(q), encd(d)⟩ = ⟨vq, vd⟩ (1) For zero-shot retrieval, we consider L query sets Q1, Q2, ..., QL and their corresponding search cor- pus, document sets D1, D2, ..., DL. Denote the j-th query from i-th set query set Qi as qij. We need to fully deﬁne mapping functions encq and encd without
102	document sets D1, D2, ..., DL. Denote the j-th query from i-th set query set Qi as qij. We need to fully deﬁne mapping functions encq and encd without access to any query set Qi, document set Di, or any relevance judgment rij. The difﬁculty of zero-shot dense retrieval lies precisely in Equation 1: it requires learning of two embedding functions (for query and document re- spectively) into the same embedding space where inner product captures relevance. Without rele- vance judgments/scores to ﬁt, learning becomes intractable. 3.2 HyDE HyDE circumvents the aforementioned learning problem by performing search in document- only embedding space that captures document- document similarity. This can be easily learned using unsupervised contrastive learning (Izacard et al., 2021; Gao et al., 2021; Gao and Callan, 2022). We set document encoder encd directly as a contrastive encoder enccon. f = encd = enccon (2) This function is also denoted as f for simplic- ity. This unsupervised
103	"nt encoder encd directly as a contrastive encoder enccon. f = encd = enccon (2) This function is also denoted as f for simplic- ity. This unsupervised contrastive encoder will be shared by all incoming document corpus. vd = f (d) ∀d ∈ D1 ∪ D2 ∪ ... ∪ DL (3) To build the query vector, we consider in addition an instruction following LM, InstructLM. It takes a query q and a textual instruction INST and follows them to perform the task speciﬁed by INST . For simplicity, denote, g(q, INST ) = InstructLM(q, INST ) (4) Now we can use g to map queries to ""hypotheti- cal"" documents by sampling from g, setting INST"
104	to be “write a paragraph that answers the question”. The generated document is not real, can and is likely to be ungrounded factually (Brown et al., 2020; Thoppilan et al., 2022). We only re- quire it to capture relevance pattern. This is done by generating documents, i.e. providing exam- ples. Critically, here we ofﬂoad relevance mod- eling from representation learning model to an NLG model that generalizes signiﬁcantly more eas- ily, naturally, and effectively (Brown et al., 2020; Ouyang et al., 2022). Generating examples also replaces explicit modeling of relevance scores. We can now encode the generated document using the document encoder f. Write, E[vqij ] = E[f (g(qij, INST i))] (5) Formally, g deﬁnes a probability distribution based on the chain rule. In this paper, we simply consider the expectation value, assuming the distribution of vqij is uni-modal, i.e. the query is not ambiguous. The study of ambiguous queries and diversity is left to future work. We estimate Equation 5
105	ion of vqij is uni-modal, i.e. the query is not ambiguous. The study of ambiguous queries and diversity is left to future work. We estimate Equation 5 by sampling N documents from g, [ ˆd1, ˆd2, ..., ˆdN ]. ˆvqij = 1 N ∑ ˆdk∼g(qij ,INST i) f (dk) (6) = 1 N N∑ k=1 f ( ˆdk) (7) We also consider the query as a possible hypothesis, ˆvqij = 1 N + 1 [ N∑ k=1 f ( ˆdk) + f (qij)] (8) Inner product is computed between ˆvqij and the set of all document vectors {f (d)|d ∈ Di}. The most similar documents are retrieved. Here the encoder function f serves as a lossy compressor that outputs dense vectors, where the extra details are ﬁltered and left out from the vector. It further grounds the hypothetical vector to the actual corpus and the real documents. The full HyDE system is illustrated in Figure 1. 4 Experiments 4.1 Setup Implementation We implement HyDE using InstructGPT, a GPT-3 model from the instruct series (text-davinci-003; Ouyang et al. (2022)) and Contriever models (Izacard et al.,
106	plement HyDE using InstructGPT, a GPT-3 model from the instruct series (text-davinci-003; Ouyang et al. (2022)) and Contriever models (Izacard et al., 2021). We sample from InstructGPT using the OpenAI play- ground default temperature of 0.7 for open-ended generations. We use the English-onlyContriever model for English retrieval tasks and multilingual mContriever for non-English tasks. We conducted retrieval experiments with the Pyserini toolkit (Lin et al., 2021a). Datasets We consider web search query sets TREC DL19 (Craswell et al., 2020a) and DL20 (Craswell et al., 2020b); they are based on the MS-MARCO dataset (Bajaj et al., 2016). We also use a diverse collection of 6 low-resource datasets from the BEIR dataset (Thakur et al., 2021). For non-English retrieval, we consider Swahili, Korean, Japanese, and Bengali from the Mr.Tydi dataset (Zhang et al., 2021). We use different instructions for each dataset. They share a similar structure but have different quantiﬁers to control the
107	aset (Zhang et al., 2021). We use different instructions for each dataset. They share a similar structure but have different quantiﬁers to control the exact form of the gener- ated hypothetical documents. These instructions can be found in subsection A.1. Compared Systems Contriever models, Contriever andmContriever, serve as our major baseline. They are trained using unsupervised contrastive learning. HyDE retrievers share the exact same embedding spaces with them. The only difference is how the query vector is built. These comparisons allow us to easily examine the effect of HyDE. The classical heuristic-based lexical retriever BM25 is also included. Several systems that involve ﬁne-tuning on mas- sive relevance data are also included as refer- ences. We consider models ﬁne-tuned on MS- MARCO and transferred, DPR and ANCE, from the BEIR paper. For multilingual, we include the mDPR model from Mr.Tydi paper and MS- MARCO ﬁne-tuned mBERT and XLM-R from the Contriever paper. We also
108	BEIR paper. For multilingual, we include the mDPR model from Mr.Tydi paper and MS- MARCO ﬁne-tuned mBERT and XLM-R from the Contriever paper. We also include the state-of- the-art transfer learning models: Contriever and mContriever ﬁne-tuned on MS-MARCO, denoted ContrieverFT and mContrieverFT. These mod- els have run through the state-of-the-art retrieval model training pipeline that involves second-stage retrieval-speciﬁc pre-training (Lee et al., 2019) and a few rounds of ﬁne-tuning (Qu et al., 2021); they should be considered empirical upper bounds. 4.2 Web Search In Table 1, we show retrieval results on TREC DL19 and TREC DL20. We seeHyDE bring sizable improvements toContriever across the board for
109	DL19 DL20 map ndcg@10 recall@1k map ndcg@10 recall@1k w/o relevance judgement BM25 30.1 50.6 75.0 28.6 48.0 78.6 Contriever 24.0 44.5 74.6 24.0 42.1 75.4 HyDE 41.8 61.3 88.0 38.2 57.9 84.4 w/ relevance judgement DPR 36.5 62.2 76.9 41.8 65.3 81.4 ANCE 37.1 64.5 75.5 40.8 64.6 77.6 ContrieverFT 41.7 62.1 83.6 43.6 63.2 85.8 Table 1: Results for web search on DL19/20. Best performing w/o relevance and overall system(s) are marked bold. DPR, ANCE and ContrieverFT are in-domain supervised models that are ﬁnetuned on MS MARCO training data. Scifact Arguana Trec-Covid FiQA DBPedia TREC-NEWS nDCG@10 w/o relevance judgement BM25 67.9 39.7 59.5 23.6 31.8 39.5 Contriever 64.9 37.9 27.3 24.5 29.2 34.8 HyDE 69.1 46.6 59.3 27.3 36.8 44.0 w/ relevance judgement DPR 31.8 17.5 33.2 29.5 26.3 16.1 ANCE 50.7 41.5 65.4 30.0 28.1 38.2 ContrieverFT 67.7 44.6 59.6 32.9 41.3 42.8 Recall@100 w/o relevance judgement BM25 92.5 93.2 49.8 54.0 46.8 44.7 Contriever 92.6 90.1 17.2 56.2 45.3 42.3 HyDE 96.4 97.9 41.4
110	59.6 32.9 41.3 42.8 Recall@100 w/o relevance judgement BM25 92.5 93.2 49.8 54.0 46.8 44.7 Contriever 92.6 90.1 17.2 56.2 45.3 42.3 HyDE 96.4 97.9 41.4 62.1 47.2 50.9 w/ relevance judgement DPR 72.7 75.1 21.2 34.2 34.9 21.5 ANCE 81.6 93.7 45.7 58.1 31.9 39.8 ContrieverFT 94.7 97.7 40.7 65.6 54.1 49.2 Table 2: Low resource tasks from BEIR. Best performing w/o relevance and overall system(s) are markedbold. both precision-oriented and recall metrics. While unsupervised Contriever can underperform the classical BM25 approach,HyDE outperforms BM25 by large margins. HyDE remains competitive even when compared to ﬁne-tuned models. Note that TREC DL19/20 are search tasks deﬁned on MS-MARCO and there, all the ﬁne-tuned models are richly super- vised. On TREC DL19, HyDE shows comparable map and ndcg@10 to ContrieverFT and best re- call@1k. On DL20, HyDE gets around 10% lower map and ndcg@10 than ContrieverFT and sim- ilar recall@1k. The ANCE model shows better ndcg@10 numbers than HyDE but
111	DL20, HyDE gets around 10% lower map and ndcg@10 than ContrieverFT and sim- ilar recall@1k. The ANCE model shows better ndcg@10 numbers than HyDE but lower recall, sug- gesting it may be biased to a subset of queries and/or relevant documents. 4.3 Low Resource Retrieval In Table 2, we show retrieval results on low- resource tasks from BEIR. Similar to web search, HyDE again brings sizable improvements to Contriever across the board in terms of both ndcg and recall. HyDE is only outperformed by BM25 on one dataset, TREC-Covid but with a tiny 0.2 mar- gin; in comparison, the underlying Contriever underperforms by more than 50%. We also observe HyDE demonstrates strong performance compared to ﬁne-tuned models. HyDE generally shows better performance than ANCE and DPR, even though the two are ﬁne-tuned on MS-MARCO and ANCE also in- volves some sophisticated hard negative techniques. ContrieverFT shows performance advantages on FiQA and DBPedia. These involve retrieval of ﬁ- nancial posts
112	ome sophisticated hard negative techniques. ContrieverFT shows performance advantages on FiQA and DBPedia. These involve retrieval of ﬁ- nancial posts or entities respectively. We believe the performance difference can be attributed to the
113	Swahili Korean Japanese Bengali w/o relevance judgement BM25 38.9 28.5 21.2 41.8 mContriever 38.3 22.3 19.5 35.3 HyDE 41.7 30.6 30.7 41.3 w/ relevance judgement mDPR 7.3 21.9 18.1 25.8 mBERT 37.4 28.1 27.1 35.1 XLM-R 35.1 32.2 24.8 41.7 mContrieverFT 51.2 34.2 32.4 42.3 Table 3: MRR@100 on Mr.Tydi. Best performing w/o relevance and overall system(s) are marked bold. under-speciﬁcation of the instruction; more elabo- rative instructions may help. 4.4 Multilingual Retrieval Multilingual setup poses several additional chal- lenges to HyDE. The small-sized contrastive en- coder gets saturated as the number of languages scales (Conneau et al., 2020; Izacard et al., 2021). Meanwhile, our generative LLM faces an opposite issue: with languages of not as high resource as English or French, the high capacity LLM can get under-trained (Hoffmann et al., 2022). Nevertheless, in Table 3, we still ﬁnd HyDE able to improve the mContriever model. It can outperform non-Contriever models ﬁne-tuned on
114	et al., 2022). Nevertheless, in Table 3, we still ﬁnd HyDE able to improve the mContriever model. It can outperform non-Contriever models ﬁne-tuned on and transferred from MS-MARCO. On the other hand, we do observe some margins betweenHyDE and ﬁne-tuned mContrieverFT. Since HyDE and mContrieverFT use similar contrastive encoders, we hypothesize this is because the non-English lan- guages we considered are under-trained in both pre-training and instruction learning stages. 5 Analysis The generative LLM and contrastive encoder make up the backbone ofHyDE. In this section, we study the effect of changing their realizations. In partic- ular, we consider smaller language models (LM) and ﬁne-tuned encoders. We conduct our studies on TREC DL19/20. 5.1 Effect of Different Generative Models In Table 4, we show HyDE using other instruction-following language models. In particular, we consider a 52-billion Cohere model ( command-xlarge-20221108) and a 11-billion FLAN model ( FLAN-T5-xxl; Wei et
115	ing language models. In particular, we consider a 52-billion Cohere model ( command-xlarge-20221108) and a 11-billion FLAN model ( FLAN-T5-xxl; Wei et al. (2022)). 2 Generally, we observe that all 2Model sizes are from https://crfm.stanford.edu/ helm/v1.0/?models. Model DL19 DL20 Contriever 44.5 42.1 ContrieverFT 62.1 63.2 HyDE w/ Contriever w/ Flan-T5 (11b) 48.9 52.9 w/ Cohere (52b) 53.8 53.8 w/ GPT (175b) 61.3 57.9 w/ ContrieverFT w/ Flan-T5 (11b) 60.2 62.1 w/ Cohere (52b) 61.4 63.1 w/ GPT (175b) 67.4 63.5 Table 4: NDCG@10 on TREC DL19/20. Effect of changing different instruction LMs and using ﬁne- tuned encoder. Best w/o relevance and overall models are marked bold. models bring improvement to the unsupervised Contriever, with larger models bringing larger improvements. At the time when this paper is written, the Cohere model is still experimental without much detail disclosed. We can only tentatively hypothesize that training techniques may have also played some role in the
116	s still experimental without much detail disclosed. We can only tentatively hypothesize that training techniques may have also played some role in the performance difference. 5.2 HyDE with Fine-tuned Encoder To begin with, HyDE with ﬁne-tuned encoder is not the intended usage: HyDE is more powerful and irreplaceable when few relevance labels are present. Here we are interested to ﬁnd out if and howHyDE embedding can affect ﬁne-tuned en- coders. In Table 4, we see that less powerful instruc- tion LMs can negatively impact the overall perfor- mance of the ﬁne-tuned retriever. (To remind our readers, ContrieverFT is in-domain supervisedly ﬁne-tuned for TREC DL19/20). The performance degradations remain small. On the other hand, we also observe the InstructGPT model able to fur- ther bring up the performance, especially on DL19. This suggests that there may still exist certain fac- tors not captured by the ﬁne-tuned encoder but only by the generative model. 6 Conclusion At the end of the
117	ts that there may still exist certain fac- tors not captured by the ﬁne-tuned encoder but only by the generative model. 6 Conclusion At the end of the paper, we encourage the readers to take a moment and reﬂect on the HyDE model. Compare it to some of the other recently seen re- trievers or re-ranker. These other models probably differ in their architecture, training method, and/or task, but probably all of them involve modeling relevance scores between a pair of query and docu-
118	ment. Dense retrievers consider vector similarities while self-attentive re-rankers regression scores. In comparison, the concept of relevance in HyDE is captured by an NLG model and the language gener- ation process. We demonstrate in many cases,HyDE can be as effective as dense retrievers that learn to model numerical relevance scores. So, is numeri- cal relevance just a statistical artifact of language understanding? Will a weak retriever theoretically sufﬁce as the NLU & NLG models rapidly become stronger? Rushing to conclusions is not smart; more works need to be done to get answers. With this paper, we just want to raise these questions. Concretely in this paper, we introduce a new paradigm of interactions between LLM and dense encoder/retriever. We demonstrate (part of) rel- evance modeling and instruction understanding can be delegated to the more powerful and ﬂex- ible LLM. As a consequence, the need for rele- vance labels is removed. We are excited to see how this can be
119	delegated to the more powerful and ﬂex- ible LLM. As a consequence, the need for rele- vance labels is removed. We are excited to see how this can be generalized further to more so- phisticated tasks like multi-hop retrieval/QA and conversational search. We argueHyDE is also of practical use though not necessarily over the entire lifespan of a search sys- tem. At the very beginning of the life of the search system, serving queries using HyDE offers perfor- mance comparable to a ﬁne-tuned model, which no other relevance-free model can offer. As the search log grows, a supervised dense retriever can be gradually rolled out. As the dense retriever grows stronger, more queries will be routed to it, with only less common and emerging ones going to HyDE backend. References Akari Asai, Timo Schick, Patrick Lewis, Xilun Chen, Gautier Izacard, Sebastian Riedel, Hannaneh Ha- jishirzi, and Wen-tau Yih. 2022. Task-aware re- trieval with instructions. Payal Bajaj, Daniel Campos, Nick Craswell, Li
120	ebastian Riedel, Hannaneh Ha- jishirzi, and Wen-tau Yih. 2022. Task-aware re- trieval with instructions. Payal Bajaj, Daniel Campos, Nick Craswell, Li Deng, Jianfeng Gao, Xiaodong Liu, Rangan Majumder, Andrew McNamara, Bhaskar Mitra, Tri Nguyen, Mir Rosenberg, Xia Song, Alina Stoica, Saurabh Ti- wary, and Tong Wang. 2016. Ms marco: A human generated machine reading comprehension dataset. Michele Bevilacqua, Giuseppe Ottaviano, Patrick Lewis, Wen-tau Yih, Sebastian Riedel, and Fabio Petroni. 2022. Autoregressive search engines: Gen- erating substrings as document identiﬁers. CoRR, abs/2204.10628. Tom B. Brown, Benjamin Mann, Nick Ryder, Melanie Subbiah, Jared Kaplan, Prafulla Dhariwal, Arvind Neelakantan, Pranav Shyam, Girish Sastry, Amanda Askell, Sandhini Agarwal, Ariel Herbert-V oss, Gretchen Krueger, Tom Henighan, Rewon Child, Aditya Ramesh, Daniel M. Ziegler, Jeffrey Wu, Clemens Winter, Christopher Hesse, Mark Chen, Eric Sigler, Mateusz Litwin, Scott Gray, Benjamin Chess, Jack
121	tya Ramesh, Daniel M. Ziegler, Jeffrey Wu, Clemens Winter, Christopher Hesse, Mark Chen, Eric Sigler, Mateusz Litwin, Scott Gray, Benjamin Chess, Jack Clark, Christopher Berner, Sam Mc- Candlish, Alec Radford, Ilya Sutskever, and Dario Amodei. 2020. Language models are few-shot learn- ers. In Advances in Neural Information Processing Systems 33: Annual Conference on Neural Informa- tion Processing Systems 2020, NeurIPS 2020, De- cember 6-12, 2020, virtual. Mark Chen, Jerry Tworek, Heewoo Jun, Qiming Yuan, Henrique Ponde de Oliveira Pinto, Jared Ka- plan, Harri Edwards, Yuri Burda, Nicholas Joseph, Greg Brockman, Alex Ray, Raul Puri, Gretchen Krueger, Michael Petrov, Heidy Khlaaf, Girish Sas- try, Pamela Mishkin, Brooke Chan, Scott Gray, Nick Ryder, Mikhail Pavlov, Alethea Power, Lukasz Kaiser, Mohammad Bavarian, Clemens Winter, Philippe Tillet, Felipe Petroski Such, Dave Cum- mings, Matthias Plappert, Fotios Chantzis, Eliza- beth Barnes, Ariel Herbert-V oss, William Hebgen Guss, Alex
122	Tillet, Felipe Petroski Such, Dave Cum- mings, Matthias Plappert, Fotios Chantzis, Eliza- beth Barnes, Ariel Herbert-V oss, William Hebgen Guss, Alex Nichol, Alex Paino, Nikolas Tezak, Jie Tang, Igor Babuschkin, Suchir Balaji, Shantanu Jain, William Saunders, Christopher Hesse, Andrew N. Carr, Jan Leike, Josh Achiam, Vedant Misra, Evan Morikawa, Alec Radford, Matthew Knight, Miles Brundage, Mira Murati, Katie Mayer, Peter Welin- der, Bob McGrew, Dario Amodei, Sam McCandlish, Ilya Sutskever, and Wojciech Zaremba. 2021. Eval- uating large language models trained on code. Aakanksha Chowdhery, Sharan Narang, Jacob Devlin, Maarten Bosma, Gaurav Mishra, Adam Roberts, Paul Barham, Hyung Won Chung, Charles Sutton, Sebastian Gehrmann, Parker Schuh, Kensen Shi, Sasha Tsvyashchenko, Joshua Maynez, Abhishek Rao, Parker Barnes, Yi Tay, Noam Shazeer, Vin- odkumar Prabhakaran, Emily Reif, Nan Du, Ben Hutchinson, Reiner Pope, James Bradbury, Jacob Austin, Michael Isard, Guy Gur-Ari, Pengcheng Yin,
123	r, Vin- odkumar Prabhakaran, Emily Reif, Nan Du, Ben Hutchinson, Reiner Pope, James Bradbury, Jacob Austin, Michael Isard, Guy Gur-Ari, Pengcheng Yin, Toju Duke, Anselm Levskaya, Sanjay Ghe- mawat, Sunipa Dev, Henryk Michalewski, Xavier Garcia, Vedant Misra, Kevin Robinson, Liam Fe- dus, Denny Zhou, Daphne Ippolito, David Luan, Hyeontaek Lim, Barret Zoph, Alexander Spiridonov, Ryan Sepassi, David Dohan, Shivani Agrawal, Mark Omernick, Andrew M. Dai, Thanumalayan Sankara- narayana Pillai, Marie Pellat, Aitor Lewkowycz, Erica Moreira, Rewon Child, Oleksandr Polozov, Katherine Lee, Zongwei Zhou, Xuezhi Wang, Bren- nan Saeta, Mark Diaz, Orhan Firat, Michele Catasta, Jason Wei, Kathy Meier-Hellstern, Douglas Eck, Jeff Dean, Slav Petrov, and Noah Fiedel. 2022. Palm: Scaling language modeling with pathways. Alexis Conneau, Kartikay Khandelwal, Naman Goyal, Vishrav Chaudhary, Guillaume Wenzek, Francisco Guzmán, Edouard Grave, Myle Ott, Luke Zettle-
124	moyer, and Veselin Stoyanov. 2020. Unsupervised cross-lingual representation learning at scale. In Proceedings of the 58th Annual Meeting of the Asso- ciation for Computational Linguistics , pages 8440– 8451, Online. Association for Computational Lin- guistics. Nick Craswell, Bhaskar Mitra, Emine Yilmaz, Daniel Campos, and Ellen M. V oorhees. 2020a. Overview of the trec 2019 deep learning track. Nick Craswell, Bhaskar Mitra, Emine Yilmaz, Daniel Fernando Campos, and Ellen M. V oorhees. 2020b. Overview of the trec 2020 deep learning track. ArXiv, abs/2003.07820. Jacob Devlin, Ming-Wei Chang, Kenton Lee, and Kristina Toutanova. 2019. BERT: Pre-training of deep bidirectional transformers for language under- standing. In Proceedings of the 2019 Conference of the North American Chapter of the Association for Computational Linguistics: Human Language Technologies, Volume 1 (Long and Short Papers) , pages 4171–4186, Minneapolis, Minnesota. Associ- ation for Computational Linguistics. Luyu
125	n Language Technologies, Volume 1 (Long and Short Papers) , pages 4171–4186, Minneapolis, Minnesota. Associ- ation for Computational Linguistics. Luyu Gao and Jamie Callan. 2021. Condenser: a pre- training architecture for dense retrieval. In Proceed- ings of the 2021 Conference on Empirical Methods in Natural Language Processing , pages 981–993, Online and Punta Cana, Dominican Republic. Asso- ciation for Computational Linguistics. Luyu Gao and Jamie Callan. 2022. Unsupervised cor- pus aware language model pre-training for dense passage retrieval. In Proceedings of the 60th Annual Meeting of the Association for Computational Lin- guistics (Volume 1: Long Papers), pages 2843–2853, Dublin, Ireland. Association for Computational Lin- guistics. Tianyu Gao, Xingcheng Yao, and Danqi Chen. 2021. SimCSE: Simple contrastive learning of sentence embeddings. In Proceedings of the 2021 Conference on Empirical Methods in Natural Language Process- ing, pages 6894–6910, Online and Punta Cana, Do-
126	e embeddings. In Proceedings of the 2021 Conference on Empirical Methods in Natural Language Process- ing, pages 6894–6910, Online and Punta Cana, Do- minican Republic. Association for Computational Linguistics. Jordan Hoffmann, Sebastian Borgeaud, Arthur Mensch, Elena Buchatskaya, Trevor Cai, Eliza Rutherford, Diego de Las Casas, Lisa Anne Hendricks, Johannes Welbl, Aidan Clark, Tom Hennigan, Eric Noland, Katie Millican, George van den Driessche, Bogdan Damoc, Aurelia Guy, Simon Osindero, Karen Si- monyan, Erich Elsen, Jack W. Rae, Oriol Vinyals, and Laurent Sifre. 2022. Training compute-optimal large language models. Sebastian Hofstätter, Sheng-Chieh Lin, Jheng-Hong Yang, Jimmy Lin, and Allan Hanbury. 2021. Ef- ﬁciently teaching an effective dense retriever with balanced topic aware sampling. In Proceedings of the 44th International ACM SIGIR Conference on Research and Development in Information Retrieval, SIGIR ’21, page 113–122, New York, NY , USA. As- sociation for Computing
127	al ACM SIGIR Conference on Research and Development in Information Retrieval, SIGIR ’21, page 113–122, New York, NY , USA. As- sociation for Computing Machinery. Gautier Izacard, Mathilde Caron, Lucas Hosseini, Se- bastian Riedel, Piotr Bojanowski, Armand Joulin, and Edouard Grave. 2021. Towards unsupervised dense information retrieval with contrastive learning. CoRR, abs/2112.09118. Jeff Johnson, Matthijs Douze, and Hervé Jégou. 2017. Billion-scale similarity search with gpus. CoRR, abs/1702.08734. Vladimir Karpukhin, Barlas Oguz, Sewon Min, Patrick Lewis, Ledell Wu, Sergey Edunov, Danqi Chen, and Wen-tau Yih. 2020. Dense passage retrieval for open-domain question answering. In Proceedings of the 2020 Conference on Empirical Methods in Nat- ural Language Processing (EMNLP) , pages 6769– 6781, Online. Association for Computational Lin- guistics. Hyunji Lee, Sohee Yang, Hanseok Oh, and Minjoon Seo. 2022. Generative multi-hop retrieval. Kenton Lee, Ming-Wei Chang, and Kristina
128	nal Lin- guistics. Hyunji Lee, Sohee Yang, Hanseok Oh, and Minjoon Seo. 2022. Generative multi-hop retrieval. Kenton Lee, Ming-Wei Chang, and Kristina Toutanova. 2019. Latent retrieval for weakly supervised open domain question answering. In Proceedings of the 57th Annual Meeting of the Association for Com- putational Linguistics, pages 6086–6096, Florence, Italy. Association for Computational Linguistics. Jimmy Lin, Xueguang Ma, Sheng-Chieh Lin, Jheng- Hong Yang, Ronak Pradeep, and Rodrigo Nogueira. 2021a. Pyserini: A Python toolkit for reproducible information retrieval research with sparse and dense representations. In Proceedings of the 44th Annual International ACM SIGIR Conference on Research and Development in Information Retrieval (SIGIR 2021), pages 2356–2362. Sheng-Chieh Lin, Jheng-Hong Yang, and Jimmy Lin. 2021b. In-batch negatives for knowledge distillation with tightly-coupled teachers for dense retrieval. In Proceedings of the 6th Workshop on Representation Learning for
129	atives for knowledge distillation with tightly-coupled teachers for dense retrieval. In Proceedings of the 6th Workshop on Representation Learning for NLP (RepL4NLP-2021) , pages 163– 173, Online. Association for Computational Linguis- tics. Zheng Liu and Yingxia Shao. 2022. Retromae: Pre- training retrieval-oriented transformers via masked auto-encoder. ArXiv, abs/2205.12035. Shuqi Lu, Di He, Chenyan Xiong, Guolin Ke, Waleed Malik, Zhicheng Dou, Paul Bennett, Tie-Yan Liu, and Arnold Overwijk. 2021. Less is more: Pre- train a strong Siamese encoder for dense text re- trieval using a weak decoder. In Proceedings of the 2021 Conference on Empirical Methods in Natural Language Processing, pages 2780–2791, Online and Punta Cana, Dominican Republic. Association for Computational Linguistics. Donald Metzler, Yi Tay, Dara Bahri, and Marc Najork. 2021. Rethinking search: making domain experts out of dilettantes. SIGIR Forum, 55(1):13:1–13:27.
130	Sewon Min, Mike Lewis, Luke Zettlemoyer, and Han- naneh Hajishirzi. 2022. MetaICL: Learning to learn in context. In Proceedings of the 2022 Conference of the North American Chapter of the Association for Computational Linguistics: Human Language Tech- nologies, pages 2791–2809, Seattle, United States. Association for Computational Linguistics. Long Ouyang, Jeff Wu, Xu Jiang, Diogo Almeida, Carroll L. Wainwright, Pamela Mishkin, Chong Zhang, Sandhini Agarwal, Katarina Slama, Alex Ray, John Schulman, Jacob Hilton, Fraser Kelton, Luke Miller, Maddie Simens, Amanda Askell, Pe- ter Welinder, Paul Christiano, Jan Leike, and Ryan Lowe. 2022. Training language models to follow in- structions with human feedback. Yingqi Qu, Yuchen Ding, Jing Liu, Kai Liu, Ruiyang Ren, Wayne Xin Zhao, Daxiang Dong, Hua Wu, and Haifeng Wang. 2021. RocketQA: An opti- mized training approach to dense passage retrieval for open-domain question answering. In Proceed- ings of the 2021 Conference of the North Ameri-
131	ti- mized training approach to dense passage retrieval for open-domain question answering. In Proceed- ings of the 2021 Conference of the North Ameri- can Chapter of the Association for Computational Linguistics: Human Language Technologies , pages 5835–5847, Online. Association for Computational Linguistics. Jack W. Rae, Sebastian Borgeaud, Trevor Cai, Katie Millican, Jordan Hoffmann, Francis Song, John Aslanides, Sarah Henderson, Roman Ring, Susan- nah Young, Eliza Rutherford, Tom Hennigan, Ja- cob Menick, Albin Cassirer, Richard Powell, George van den Driessche, Lisa Anne Hendricks, Mari- beth Rauh, Po-Sen Huang, Amelia Glaese, Jo- hannes Welbl, Sumanth Dathathri, Saffron Huang, Jonathan Uesato, John Mellor, Irina Higgins, An- tonia Creswell, Nat McAleese, Amy Wu, Erich Elsen, Siddhant Jayakumar, Elena Buchatskaya, David Budden, Esme Sutherland, Karen Simonyan, Michela Paganini, Laurent Sifre, Lena Martens, Xiang Lorraine Li, Adhiguna Kuncoro, Aida Ne- matzadeh, Elena Gribovskaya,
132	Sutherland, Karen Simonyan, Michela Paganini, Laurent Sifre, Lena Martens, Xiang Lorraine Li, Adhiguna Kuncoro, Aida Ne- matzadeh, Elena Gribovskaya, Domenic Donato, Angeliki Lazaridou, Arthur Mensch, Jean-Baptiste Lespiau, Maria Tsimpoukelli, Nikolai Grigorev, Doug Fritz, Thibault Sottiaux, Mantas Pajarskas, Toby Pohlen, Zhitao Gong, Daniel Toyama, Cy- prien de Masson d’Autume, Yujia Li, Tayfun Terzi, Vladimir Mikulik, Igor Babuschkin, Aidan Clark, Diego de Las Casas, Aurelia Guy, Chris Jones, James Bradbury, Matthew Johnson, Blake Hecht- man, Laura Weidinger, Iason Gabriel, William Isaac, Ed Lockhart, Simon Osindero, Laura Rimell, Chris Dyer, Oriol Vinyals, Kareem Ayoub, Jeff Stan- way, Lorrayne Bennett, Demis Hassabis, Koray Kavukcuoglu, and Geoffrey Irving. 2021. Scal- ing language models: Methods, analysis & insights from training gopher. Devendra Singh Sachan, Mike Lewis, Mandar Joshi, Armen Aghajanyan, Wen-tau Yih, Joelle Pineau, and Luke Zettlemoyer. 2022. Improving passage
133	g gopher. Devendra Singh Sachan, Mike Lewis, Mandar Joshi, Armen Aghajanyan, Wen-tau Yih, Joelle Pineau, and Luke Zettlemoyer. 2022. Improving passage re- trieval with zero-shot question generation. Victor Sanh, Albert Webson, Colin Raffel, Stephen Bach, Lintang Sutawika, Zaid Alyafeai, Antoine Chafﬁn, Arnaud Stiegler, Arun Raja, Manan Dey, M Saiful Bari, Canwen Xu, Urmish Thakker, Shanya Sharma Sharma, Eliza Szczechla, Taewoon Kim, Gunjan Chhablani, Nihal V . Nayak, De- bajyoti Datta, Jonathan Chang, Mike Tian-Jian Jiang, Han Wang, Matteo Manica, Sheng Shen, Zheng Xin Yong, Harshit Pandey, Rachel Bawden, Thomas Wang, Trishala Neeraj, Jos Rozen, Ab- heesht Sharma, Andrea Santilli, Thibault Févry, Ja- son Alan Fries, Ryan Teehan, Teven Le Scao, Stella Biderman, Leo Gao, Thomas Wolf, and Alexan- der M. Rush. 2022. Multitask prompted training enables zero-shot task generalization. In The Tenth International Conference on Learning Representa- tions, ICLR 2022, Virtual Event, April 25-29,
134	ing enables zero-shot task generalization. In The Tenth International Conference on Learning Representa- tions, ICLR 2022, Virtual Event, April 25-29, 2022 . OpenReview.net. Yi Tay, Vinh Q. Tran, Mostafa Dehghani, Jianmo Ni, Dara Bahri, Harsh Mehta, Zhen Qin, Kai Hui, Zhe Zhao, Jai Prakash Gupta, Tal Schuster, William W. Cohen, and Donald Metzler. 2022. Transformer memory as a differentiable search index. CoRR, abs/2202.06991. Nandan Thakur, Nils Reimers, Andreas Rücklé, Ab- hishek Srivastava, and Iryna Gurevych. 2021. BEIR: A heterogenous benchmark for zero-shot evalu- ation of information retrieval models. CoRR, abs/2104.08663. Romal Thoppilan, Daniel De Freitas, Jamie Hall, Noam Shazeer, Apoorv Kulshreshtha, Heng-Tze Cheng, Alicia Jin, Taylor Bos, Leslie Baker, Yu Du, YaGuang Li, Hongrae Lee, Huaixiu Steven Zheng, Amin Ghafouri, Marcelo Menegali, Yanping Huang, Maxim Krikun, Dmitry Lepikhin, James Qin, Dehao Chen, Yuanzhong Xu, Zhifeng Chen, Adam Roberts, Maarten Bosma, Yanqi Zhou,
135	lo Menegali, Yanping Huang, Maxim Krikun, Dmitry Lepikhin, James Qin, Dehao Chen, Yuanzhong Xu, Zhifeng Chen, Adam Roberts, Maarten Bosma, Yanqi Zhou, Chung-Ching Chang, Igor Krivokon, Will Rusch, Marc Pickett, Kath- leen S. Meier-Hellstern, Meredith Ringel Morris, Tulsee Doshi, Renelito Delos Santos, Toju Duke, Johnny Soraker, Ben Zevenbergen, Vinodkumar Prabhakaran, Mark Diaz, Ben Hutchinson, Kristen Olson, Alejandra Molina, Erin Hoffman-John, Josh Lee, Lora Aroyo, Ravi Rajakumar, Alena Butryna, Matthew Lamm, Viktoriya Kuzmina, Joe Fenton, Aaron Cohen, Rachel Bernstein, Ray Kurzweil, Blaise Aguera-Arcas, Claire Cui, Marian Croak, Ed H. Chi, and Quoc Le. 2022. Lamda: Lan- guage models for dialog applications. CoRR, abs/2201.08239. Kexin Wang, Nandan Thakur, Nils Reimers, and Iryna Gurevych. 2022. GPL: Generative pseudo label- ing for unsupervised domain adaptation of dense re- trieval. In Proceedings of the 2022 Conference of the North American Chapter of the Association for
136	ng for unsupervised domain adaptation of dense re- trieval. In Proceedings of the 2022 Conference of the North American Chapter of the Association for Computational Linguistics: Human Language Tech- nologies, pages 2345–2360, Seattle, United States. Association for Computational Linguistics. Jason Wei, Maarten Bosma, Vincent Y . Zhao, Kelvin Guu, Adams Wei Yu, Brian Lester, Nan Du, An-
137	drew M. Dai, and Quoc V . Le. 2022. Finetuned lan- guage models are zero-shot learners. In The Tenth International Conference on Learning Representa- tions, ICLR 2022, Virtual Event, April 25-29, 2022 . OpenReview.net. Lee Xiong, Chenyan Xiong, Ye Li, Kwok-Fung Tang, Jialin Liu, Paul N. Bennett, Junaid Ahmed, and Arnold Overwijk. 2021. Approximate nearest neigh- bor negative contrastive learning for dense text re- trieval. In 9th International Conference on Learning Representations, ICLR 2021, Virtual Event, Austria, May 3-7, 2021. OpenReview.net. Yue Yu, Chenyan Xiong, Si Sun, Chao Zhang, and Arnold Overwijk. 2022. Coco-dr: Combating dis- tribution shifts in zero-shot dense retrieval with con- trastive and distributionally robust learning. In Pro- ceedings of the 2022 Conference on Empirical Meth- ods in Natural Language Processing. Xinyu Zhang, Xueguang Ma, Peng Shi, and Jimmy Lin. 2021. Mr. TyDi: A multi-lingual benchmark for dense retrieval. arXiv:2108.08787.
138	A Appendix A.1 Instructions A.1.1 Web Search Please write a passage to answer the question Question: [QUESTION] Passage: A.1.2 SciFact Please write a scientiﬁc paper passage to support/refute the claim Claim: [Claim] Passage: A.1.3 Arguana Please write a counter argument for the passage Passage: [PASSAGE] Counter Argument: A.1.4 TREC-COVID Please write a scientiﬁc paper passage to answer the question Question: [QUESTION] Passage: A.1.5 FiQA Please write a ﬁnancial article passage to answer the question Question: [QUESTION] Passage: A.1.6 DBPedia-Entity Please write a passage to answer the question. Question: [QUESTION] Passage: A.1.7 TREC-NEWS Please write a news passage about the topic. Topic: [TOPIC] Passage: A.1.8 Mr.TyDi Please write a passage in Swahili/Korean/Japanese/Bengali to answer the question in detail. Question: [QUESTION] Passage:
139	Published as a conference paper at ICLR 2023 REAC T: S YNERGIZING REASONING AND ACTING IN LANGUAGE MODELS Shunyu Yao∗*,1, Jeffrey Zhao2, Dian Yu2, Nan Du2, Izhak Shafran2, Karthik Narasimhan1, Yuan Cao2 1Department of Computer Science, Princeton University 2Google Research, Brain team 1{shunyuy,karthikn}@princeton.edu 2{jeffreyzhao,dianyu,dunan,izhak,yuancao}@google.com ABSTRACT While large language models (LLMs) have demonstrated impressive performance across tasks in language understanding and interactive decision making, their abilities for reasoning (e.g. chain-of-thought prompting) and acting (e.g. action plan generation) have primarily been studied as separate topics. In this paper, we explore the use of LLMs to generate both reasoning traces and task-speciﬁc actions in an interleaved manner, allowing for greater synergy between the two: reasoning traces help the model induce, track, and update action plans as well as handle exceptions, while actions allow it to interface with
140	the two: reasoning traces help the model induce, track, and update action plans as well as handle exceptions, while actions allow it to interface with and gather additional information from external sources such as knowledge bases or environments. We apply our approach, named ReAct, to a diverse set of language and decision making tasks and demonstrate its effectiveness over state-of-the-art baselines in addition to improved human interpretability and trustworthiness. Concretely, on question answering (HotpotQA) and fact veriﬁcation (Fever), ReAct overcomes prevalent issues of hallucination and error propagation in chain-of-thought reasoning by interacting with a simple Wikipedia API, and generating human-like task-solving trajectories that are more interpretable than baselines without reasoning traces. Furthermore, on two interactive decision making benchmarks (ALFWorld and WebShop), ReAct outperforms imitation and reinforcement learning methods by an absolute success rate of 34% and
141	cision making benchmarks (ALFWorld and WebShop), ReAct outperforms imitation and reinforcement learning methods by an absolute success rate of 34% and 10% respectively, while being prompted with only one or two in-context examples. 1 I NTRODUCTION A unique feature of human intelligence is the ability to seamlessly combine task-oriented actions with verbal reasoning (or inner speech, Alderson-Day & Fernyhough, 2015), which has been theorized to play an important role in human cognition for enabling self-regulation or strategization (Vygotsky, 1987; Luria, 1965; Fernyhough, 2010) and maintaining a working memory (Baddeley, 1992). Con- sider the example of cooking up a dish in the kitchen. Between any two speciﬁc actions, we may reason in language in order to track progress (“now that everything is cut, I should heat up the pot of water”), to handle exceptions or adjust the plan according to the situation (“I don’t have salt, so let me use soy sauce and pepper instead”), and to realize
142	, to handle exceptions or adjust the plan according to the situation (“I don’t have salt, so let me use soy sauce and pepper instead”), and to realize when external information is needed (“how do I prepare dough? Let me search on the Internet”). We may also act (open a cookbook to read the recipe, open the fridge, check ingredients) to support the reasoning and to answer questions (“What dish can I make right now?”). This tight synergy between “acting” and “reasoning” allows humans to learn new tasks quickly and perform robust decision making or reasoning, even under previously unseen circumstances or facing information uncertainties. Recent results have hinted at the possibility of combining verbal reasoning with interactive decision making in autonomous systems. On one hand, properly prompted large language models (LLMs) have demonstrated emergent capabilities to carry out several steps of reasoning traces to derive ∗Work during Google internship. Projet page with code:
143	ave demonstrated emergent capabilities to carry out several steps of reasoning traces to derive ∗Work during Google internship. Projet page with code: https://react-lm.github.io/. 1 arXiv:2210.03629v3 [cs.CL] 10 Mar 2023
144	Published as a conference paper at ICLR 2023 $FW 7KLQN>)LUVW,QHHGWRILQGDSHSSHUVKDNHUPRUH OLNHO\WRDSSHDULQFDELQHWV  FRXQWHUWRSV  @ $FW *RWRFDELQHW 2EV 2QWKHFDELQHW\RXVHHDYDVH +HUHWKHDJHQWJRWRFDELQHWWKHQFDELQHWWKHQFRXQWHUWRSDQG $FW *RWRFRXQWHUWRS 2EV 2QWKHFRXQWHUWRS\RXVHHDDSSOHDEUHDG DSHSSHUVKDNHUDQGDYDVH $FW 7DNHSHSSHUVKDNHUIURPFRXQWHUWRS 2EV <RXSLFNXSWKHSHSSHUVKDNHUIURPWKHFRXQWHUWRS $FW 7KLQN>1RZ,ILQGDSHSSHUVKDNHU1H[W,QHHGWR SXWLWLQRQGUDZHU@ $FW *RWRGUDZHU 2EV 'UDZHULVFORVHG $FW 2SHQGUDZHU 2EV <RXRSHQ'UDZHUª $FW 3XWSHSSHUVKDNHULQRQGUDZHU 2EV <RXSXWSHSSHUVKDNHULQRQWKHGUDZHU D 6WDQGDUG $QVZHU L3RG E &R7 5HDVRQ2QO\ 7KRXJKW /HW VWKLQNVWHS E\VWHS$SSOH5HPRWHZDV RULJLQDOO\GHVLJQHGWR LQWHUDFWZLWK$SSOH79
145	D 6WDQGDUG $QVZHU L3RG E &R7 5HDVRQ2QO\ 7KRXJKW /HW VWKLQNVWHS E\VWHS$SSOH5HPRWHZDV RULJLQDOO\GHVLJQHGWR LQWHUDFWZLWK$SSOH79 $SSOH79FDQEHFRQWUROOHG E\L3KRQHL3DGDQGL3RG 7RXFK6RWKHDQVZHULV L3KRQHL3DGDQGL3RG 7RXFK $QVZHU L3KRQHL3DGL3RG 7RXFK F $FW2QO\ $FW 6HDUFK>$SSOH5HPRWH@ 2EV 7KH$SSOH5HPRWHLVD UHPRWHFRQWUROª $FW 6HDUFK>)URQW5RZ@ 2EV &RXOGQRWILQG>)URQW 5RZ@6LPLODU ª $FW 6HDUFK>)URQW5RZ VRIWZDUH @ 2EV )URQW5RZLVD GLVFRQWLQXHGPHGLDFHQWHU VRIWZDUHª $FW )LQLVK>\HV@ G 5H$FW 5HDVRQ$FW 7KRXJKW ,QHHGWRVHDUFK$SSOH5HPRWHDQGILQGWKH SURJUDPLWZDVRULJLQDOO\GHVLJQHGWRLQWHUDFWZLWK $FW 6HDUFK>$SSOH5HPRWH@ 2EV 7KH$SSOH5HPRWHLVDUHPRWHFRQWUROLQWURGXFHGLQ 2FWREHUE\$SSOHªRULJLQDOO\GHVLJQHGWRFRQWUROWKH )URQW5RZPHGLDFHQWHUSURJUDPª 7KRXJKW $SSOH5HPRWHZDVRULJLQDOO\GHVLJQHGWRFRQWURO
146	"WREHUE\$SSOHªRULJLQDOO\GHVLJQHGWRFRQWUROWKH )URQW5RZPHGLDFHQWHUSURJUDPª 7KRXJKW $SSOH5HPRWHZDVRULJLQDOO\GHVLJQHGWRFRQWURO WKH)URQW5RZPHGLDFHQWHUSURJUDP,QHHGWRVHDUFK)URQW 5RZQH[WDQGILQGZKDWRWKHUGHYLFHFDQFRQWUROLW $FW 6HDUFK>)URQW5RZ@ 2EV &RXOGQRWILQG>)URQW5RZ@6LPLODU > )URQW5RZ 6HDWWR(DUWK  )URQW5RZ0RWRUVSRUWV  )URQW5RZ VRIWZDUH ª@ 7KRXJKW )URQW5RZLVQRWIRXQG,QHHGWRVHDUFK)URQW 5RZ VRIWZDUH  $FW 6HDUFK>)URQW5RZ VRIWZDUH @ 2EV )URQW5RZLVDGLVFRQWLQXHGPHGLDFHQWHUVRIWZDUHª 7KRXJKW )URQW5RZ VRIWZDUH LVFRQWUROOHGE\DQ$SSOH 5HPRWHRUWKHNH\ERDUGIXQFWLRQNH\V6RWKHDQVZHULV NH\ERDUGIXQFWLRQNH\V $FW )LQLVK>NH\ERDUGIXQFWLRQNH\V@ Ҽ 4XHVWLRQ $VLGHIURPWKH$SSOH5HPRWHZKDWRWKHUGHYLFH FDQFRQWUROWKHSURJUDP$SSOH5HPRWHZDVRULJLQDOO\ GHVLJQHGWRLQWHUDFWZLWK"" D $FW2QO\$FW *RWRGUDZHU 2EV 7KHGUDZHULVFORVHG $FW 2SHQGUDZHU 2EV"
147	"SSOH5HPRWHZDVRULJLQDOO\ GHVLJQHGWRLQWHUDFWZLWK"" D $FW2QO\$FW *RWRGUDZHU 2EV 7KHGUDZHULVFORVHG $FW 2SHQGUDZHU 2EV <RXRSHQWKHGUDZHU7KHGUDZHULVRSHQ,QLW \RXVHHDGLVKVSRQJHDQGDVSRRQ  $FW *RWRVLQNEDVLQ 2EV 2QWKHVLQNEDVLQ\RXVHHDGLVKVSRQJHD VSDWXODDQGDVSRRQ $FW 7DNHSHSSHUVKDNHUIURPVLQNEDVLQ 2EV 1RWKLQJKDSSHQV $FW 7DNHSHSSHUVKDNHUIURPVLQNEDVLQ 2EV 1RWKLQJKDSSHQV E 5H$FW 5HDVRQ$FW Ҽ <RXDUHLQWKHPLGGOHRIDURRP/RRNLQJTXLFNO\DURXQG \RX\RXVHHDFDELQHWDFDELQHWDFRIIHHPDFKLQH DFRXQWHUWRSDVWRYHEXUQHUDQGDWRDVWHU <RXUWDVNLVWR 3XWVRPHSHSSHUVKDNHURQDGUDZHU  $OI:RUOG  +RWVSRW4$ Figure 1: (1) Comparison of 4 prompting methods, (a) Standard, (b) Chain-of-thought ( CoT, Reason Only), (c) Act-only, and (d) ReAct (Reason+Act), solving a HotpotQA (Yang et al., 2018) question. (2) Comparison of (a) Act-only and"
148	ght ( CoT, Reason Only), (c) Act-only, and (d) ReAct (Reason+Act), solving a HotpotQA (Yang et al., 2018) question. (2) Comparison of (a) Act-only and (b) ReAct prompting to solve an AlfWorld (Shridhar et al., 2020b) game. In both domains, we omit in-context examples in the prompt, and only show task solving trajectories generated by the model (Act, Thought) and the environment (Obs). answers from questions in arithmetic, commonsense, and symbolic reasoning tasks (Wei et al., 2022). However, this “chain-of-thought” reasoning is a static black box, in that the model uses its own internal representations to generate thoughts and is not grounded in the external world, which limits its ability to reason reactively or update its knowledge. This can lead to issues like fact hallucination and error propagation over the reasoning process (Figure 1 (1b)). On the other hand, recent work has explored the use of pre-trained language models for planning and acting in interactive environments (Ahn
149	e 1 (1b)). On the other hand, recent work has explored the use of pre-trained language models for planning and acting in interactive environments (Ahn et al., 2022; Nakano et al., 2021; Yao et al., 2020; Huang et al., 2022a), with a focus on predicting actions via language priors. These approaches usually convert multi-modal observations into text, use a language model to generate domain-speciﬁc actions or plans, and then use a controller to choose or execute them. However, they do not employ language models to reason abstractly about high-level goals or maintain a working memory to support acting, barring Huang et al. (2022b) who perform a limited form of verbal reasoning to reiterate spatial facts about the current state. Beyond such simple embodied tasks to interact with a few blocks, there have not been studies on how reasoning and acting can be combined in a synergistic manner for general task solving, and if such a combination can bring systematic beneﬁts compared to reasoning
150	acting can be combined in a synergistic manner for general task solving, and if such a combination can bring systematic beneﬁts compared to reasoning or acting alone. In this work, we present ReAct, a general paradigm to combine reasoning and acting with language models for solving diverse language reasoning and decision making tasks (Figure 1). ReAct prompts LLMs to generate both verbal reasoning traces and actions pertaining to a task in an interleaved manner, which allows the model to perform dynamic reasoning to create, maintain, and adjust high-level plans for acting (reason to act), while also interact with the external environments (e.g. Wikipedia) to incorporate additional information into reasoning (act to reason). 2
151	Published as a conference paper at ICLR 2023 We conduct empirical evaluations ofReAct and state-of-the-art baselines on four diverse benchmarks: question answering (HotPotQA, Yang et al., 2018), fact veriﬁcation (Fever, Thorne et al., 2018), text-based game (ALFWorld, Shridhar et al., 2020b), and webpage navigation (WebShop, Yao et al., 2022). For HotPotQA and Fever, with access to a Wikipedia API that the model can interact with, ReAct outperforms vanilla action generation models while being competitive with chain-of- thought reasoning (CoT) (Wei et al., 2022). The best approach overall is a combination of ReAct and CoT that allows for the use of both internal knowledge and externally obtained information during reasoning. On ALFWorld and WebShop, two or even one-shot ReAct prompting is able to outperform imitation or reinforcement learning methods trained with 103∼ 105 task instances, with an absolute improvement of 34% and 10% in success rates respectively. We also demonstrate the
152	rning methods trained with 103∼ 105 task instances, with an absolute improvement of 34% and 10% in success rates respectively. We also demonstrate the importance of sparse, versatile reasoning in decision making by showing consistent advantages over controlled baselines with actions only. Besides general applicability and performance boost, the combination of reasoning and acting also contributes to model interpretability, trustworthiness, and diagnosability across all domains, as humans can readily distinguish information from model’s internal knowledge versus external environments, as well as inspect reasoning traces to understand the decision basis of model actions. To summarize, our key contributions are the following: (1) we introduce ReAct, a novel prompt- based paradigm to synergize reasoning and acting in language models for general task solving; (2) we perform extensive experiments across diverse benchmarks to showcase the advantage of ReAct in a few-shot learning setup over
153	eral task solving; (2) we perform extensive experiments across diverse benchmarks to showcase the advantage of ReAct in a few-shot learning setup over prior approaches that perform either reasoning or action generation in isolation; (3) we present systematic ablations and analysis to understand the importance of acting in reasoning tasks, and reasoning in interactive tasks; (4) we analyze the limitations ofReAct under the prompting setup (i.e. limited support of reasoning and acting behaviors), and perform initial ﬁnetuning experiments showing the potential of ReAct to improve with additional training data. Scaling up ReAct to train and operate on more tasks and combining it with complementary paradigms like reinforcement learning could further unlock the potential of large language models. 2 REAC T: S YNERGIZING REASONING + AC TING Consider a general setup of an agent interacting with an environment for task solving. At time stept, an agent receives an observationot∈O from the
154	NG Consider a general setup of an agent interacting with an environment for task solving. At time stept, an agent receives an observationot∈O from the environment and takes an actionat∈A following some policyπ(at|ct), wherect = (o1,a 1,··· ,o t−1,a t−1,o t) is the context to the agent. Learning a policy is challenging when the mappingct↦→at is highly implicit and requires extensive computation. For example, the agent shown in Figure 1(1c) is unable to generate the correct ﬁnal action (Act 4) to ﬁnish the QA task as it requires complex reasoning over the trajectory context (Question, Act 1-3, Obs 1-3). Similarly, the agent shown in Figure 1(2a) fails to comprehend from the context that sinkbasin 1 does not contain peppershaker 1, thus keep producing hallucinating actions. The idea of ReAct is simple: we augment the agent’s action space to ˆA =A∪L , whereL is the space of language. An action ˆat∈L in the language space, which we will refer to as a thought or a reasoning trace, does not
155	o ˆA =A∪L , whereL is the space of language. An action ˆat∈L in the language space, which we will refer to as a thought or a reasoning trace, does not affect the external environment, thus leading to no observation feedback. Instead, a thought ˆat aims to compose useful information by reasoning over the current contextct, and update the contextct+1 = (ct, ˆat) to support future reasoning or acting. As shown in Figure 1, there could be various types of useful thoughts, e.g. decomposing task goals and create action plans (2b, Act 1; 1d, Thought 1), injecting commonsense knowledge relevant to task solving (2b, Act 1), extracting important parts from observations (1d, Thought2, 4), track progress and transit action plans (2b, Act 8), handle exceptions and adjust action plans (1d, Thought 3), and so on. However, as the language spaceL is unlimited, learning in this augmented action space is difﬁcult and requires strong language priors. In this paper, we mainly focus on the setup where a
156	nlimited, learning in this augmented action space is difﬁcult and requires strong language priors. In this paper, we mainly focus on the setup where a frozen large language model, PaLM-540B (Chowdhery et al., 2022)1, is prompted with few-shot in-context examples to generate both domain-speciﬁc actions and free-form language thoughts for task solving (Figure 1 (1d), (2b)). Each in-context example is a human trajectory of actions, thoughts, and environment observations to solve a task instance (see Appendix C). For the tasks where reasoning is of primary importance (Figure 1(1)), we alternate the generation of thoughts and actions so that the task-solving trajectory consists of multiple thought-action-observation steps. In contrast, for decision making tasks that potentially involve a large number of actions (Figure 1(2)), thoughts only need to 1We show some GPT-3 (Brown et al., 2020) results in Appendix A.1, which outperforms PaLM-540B. 3
157	Published as a conference paper at ICLR 2023 appear sparsely in the most relevant positions of a trajectory, so we let the language model decide the asynchronous occurrence of thoughts and actions for itself. Since decision making and reasoning capabilities are integrated into a large language model, ReAct enjoys several unique features: A) Intuitive and easy to design : Designing ReAct prompts is straightforward as human annotators just type down their thoughts in language on top of their actions taken. No ad-hoc format choice, thought design, or example selection is used in this paper. We detail prompt design for each task in Sections 3 and 4. B) General and ﬂexible: Due to the ﬂexible thought space and thought-action occurrence format, ReAct works for diverse tasks with distinct action spaces and reasoning needs, including but not limited to QA, fact veriﬁcation, text game, and web navigation. C) Performant and robust: ReAct shows strong generalization to new task instances while
158	imited to QA, fact veriﬁcation, text game, and web navigation. C) Performant and robust: ReAct shows strong generalization to new task instances while learning solely from one to six in-context examples, consistently outperforming baselines with only reasoning or acting across different domains. We also show in Section 3 additional beneﬁts when ﬁnetuning is enabled, and in Section 4 how ReAct performance is robust to prompt selections. D) Human aligned and controllable: ReAct promises an interpretable sequential decision making and reasoning process where humans can easily inspect reasoning and factual correctness. Moreover, humans can also control or correct the agent behavior on the go by thought editing, as shown in Figure 5 in Section 4. 3 K NOWLEDGE -I NTENSIVE REASONING TASKS We begin with knowledge-intensive reasoning tasks like multi-hop question answering and fact veriﬁcation. As shown in Figure 1(1d), by interacting with a Wikipedia API, ReAct is able to retrieve information
159	ulti-hop question answering and fact veriﬁcation. As shown in Figure 1(1d), by interacting with a Wikipedia API, ReAct is able to retrieve information to support reasoning, while also use reasoning to target what to retrieve next, demonstrating a synergy of reasoning and acting. 3.1 S ETUP Domains We consider two datasets challenging knowledge retrieval and reasoning: (1) Hot- PotQA (Yang et al., 2018), a multi-hop question answering benchmark that requires reasoning over two or more Wikipedia passages, and (2) FEVER (Thorne et al., 2018), a fact veriﬁcation benchmark where each claim is annotated SUPPORTS, REFUTES, or NOT ENOUGH INFO, based on if there exists a Wikipedia passage to verify the claim. In this work, we operate in a question-only setup for both tasks, where models only receive the question/claim as input without access to support paragraphs, and have to rely on their internal knowledge or retrieve knowledge via interacting with an external environment to support
160	cess to support paragraphs, and have to rely on their internal knowledge or retrieve knowledge via interacting with an external environment to support reasoning. Action Space We design a simple Wikipedia web API with three types of actions to support interactive information retrieval: (1) search[entity], which returns the ﬁrst 5 sentences from the corresponding entity wiki page if it exists, or else suggests top-5 similar entities from the Wikipedia search engine, (2) lookup[string], which would return the next sentence in the page containing string, simulating Ctrl+F functionality on the browser. (3) finish[answer], which would ﬁnish the current task with answer. We note that this action space mostly can only retrieve a small part of a passage based on exact passage name, which is signiﬁcantly weaker than state-of-the- art lexical or neural retrievers. The purpose is to simulate how humans would interact with Wikipedia, and force models to retrieve via explicit reasoning in language.
161	ural retrievers. The purpose is to simulate how humans would interact with Wikipedia, and force models to retrieve via explicit reasoning in language. 3.2 M ETHODS ReAct Prompting For HotpotQA and Fever, we randomly select 6 and 3 cases2 from the training set and manually compose ReAct-format trajectories to use as few-shot exemplars in the prompts. Similar to Figure 1(d), each trajectory consists of multiple thought-action-observation steps (i.e. dense thought), where free-form thoughts are used for various purposes. Speciﬁcally, we use a combination of thoughts that decompose questions (“I need to search x, ﬁnd y, then ﬁnd z”), extract information from Wikipedia observations (“x was started in 1844”, “The paragraph does not tell x”), perform commonsense (“x is not y, so z must instead be...”) or arithmetic reasoning (“1844 < 1989”), guide 2We ﬁnd more examples do not improve performance. 4
162	Published as a conference paper at ICLR 2023 Prompt Methoda HotpotQA Fever (EM) (Acc) Standard 28.7 57.1 CoT (Wei et al., 2022) 29.4 56.3 CoT-SC (Wang et al., 2022a) 33.4 60.4 Act 25.7 58.9 ReAct 27.4 60.9 CoT-SC→ ReAct 34.2 64.6 ReAct→ CoT-SC 35.1 62.0 Supervised SoTAb 67.5 89.5 Table 1: PaLM-540B prompting results on HotpotQA and Fever. aHotpotQA EM is 27.1, 28.9, 33.8 for Standard, CoT, CoT-SC in Wang et al. (2022b). b(Zhu et al., 2021; Lewis et al., 2020) 0 5 10 15 20 #CoT-SC trials 26 28 30 32 34HotpotQA EM 0 5 10 15 20 #CoT-SC trials 47.5 50.0 52.5 55.0 57.5 60.0 62.5 65.0Fever Acc Method CoT-SC -> ReAct ReAct -> CoT-SC CoT-SC ReAct CoT Figure 2: PaLM-540B prompting results with respect to number of CoT-SC samples used. search reformulation (“maybe I can search/look up x instead”), and synthesize the ﬁnal answer (“...so the answer is x”). See Appendix C for more details. Baselines We systematically ablateReAct trajectories to build prompts for multiple baselines (with formats as
163	is x”). See Appendix C for more details. Baselines We systematically ablateReAct trajectories to build prompts for multiple baselines (with formats as Figure 1(1a-1c)): (a) Standard prompting (Standard), which removes all thoughts, actions, observations in ReAct trajectories. (b) Chain-of-thought prompting (CoT) (Wei et al., 2022), which removes actions and observations and serve as a reasoning-only baseline. We also build a self-consistency baseline (CoT-SC) (Wang et al., 2022a;b) by sampling 21 CoT trajectories with decoding temperature 0.7 during inference and adopting the majority answer, which is found to consistently boost performance over CoT. (c) Acting-only prompt (Act), which removes thoughts in ReAct trajectories, loosely resembling how WebGPT (Nakano et al., 2021) interacts with the Internet to answer questions, though it operates on a different task and action space, and uses imitation and reinforcement learning instead of prompting. Combining Internal and External
164	it operates on a different task and action space, and uses imitation and reinforcement learning instead of prompting. Combining Internal and External Knowledge As will be detail in Section 3.3, we observe that the problem solving process demonstrated by ReAct is more factual and grounded, whereas CoT is more accurate in formulating reasoning structure but can easily suffer from hallucinated facts or thoughts. We therefore propose to incorporate ReAct and CoT-SC, and let the model decide when to switch to the other method based on the following heuristics: A) ReAct→ CoT-SC: when ReAct fails to return an answer within given steps, back off to CoT-SC. We set 7 and 5 steps for HotpotQA and FEVER respectively as we ﬁnd more steps will not improve ReAct performance3. B) CoT-SC→ ReAct: when the majority answer among n CoT-SC samples occurs less thann/2 times (i.e. internal knowledge might not support the task conﬁdently), back off to ReAct. Finetuning Due to the challenge of manually
165	urs less thann/2 times (i.e. internal knowledge might not support the task conﬁdently), back off to ReAct. Finetuning Due to the challenge of manually annotating reasoning traces and actions at scale, we consider a bootstraping approach similar to Zelikman et al. (2022), using 3,000 trajectories with correct answers generated by ReAct (also for other baselines) to ﬁnetune smaller language models (PaLM-8/62B) to decode trajectories (all thoughts, actions, observations) conditioned on input questions/claims. More details are in Appendix B.1. 3.3 R ESULTS AND OBSERVATIONS ReAct outperforms Act consistently Table 1 shows HotpotQA and Fever results using PaLM- 540B as the base model with different prompting methods. We note that ReAct is better than Act on both tasks, demonstrating the value of reasoning to guide acting, especially for synthesizing the ﬁnal answer, as shown in Figure 1 (1c-d). Fine-tuning results 3 also conﬁrm the beneﬁt of reasoning traces for more informed acting. 3Of
166	thesizing the ﬁnal answer, as shown in Figure 1 (1c-d). Fine-tuning results 3 also conﬁrm the beneﬁt of reasoning traces for more informed acting. 3Of all trajectories with correct ﬁnal answers, those with 7 steps on HotpotQA and 5 steps on FEVER only take up 0.84% and 1.33% respectively. 5
167	Published as a conference paper at ICLR 2023 Type Deﬁnition ReAct CoT Success True positive Correct reasoning trace and facts 94% 86% False positive Hallucinated reasoning trace or facts 6% 14% Failure Reasoning error Wrong reasoning trace (including failing to recover from repetitive steps) 47% 16% Search result error Search return empty or does not contain useful information 23% - Hallucination Hallucinated reasoning trace or facts 0% 56% Label ambiguity Right prediction but did not match the label precisely 29% 28% Table 2: Types of success and failure modes of ReAct and CoT on HotpotQA, as well as their percentages in randomly selected examples studied by human. ReAct vs. CoT On the other hand, ReAct outperforms CoT on Fever (60.9 vs. 56.3) and slightly lags behind CoT on HotpotQA (27.4 vs. 29.4). Fever claims for SUPPORTS/REFUTES might only differ by a slight amount (see Appendix D.1), so acting to retrieve accurate and up-to-date knowledge is vital. To better understand the
168	ES might only differ by a slight amount (see Appendix D.1), so acting to retrieve accurate and up-to-date knowledge is vital. To better understand the behavioral difference between ReAct and CoT on HotpotQA, we randomly sampled 50 trajectories with correct and incorrect answers (judged by EM) from ReAct and CoT respectively (thus 200 examples in total), and manually labeled their success and failure modes in Table 2. Some key observations are as follows: A) Hallucination is a serious problem for CoT, resulting in much higher false positive rate than ReAct (14% vs. 6%) in success mode, and make up its major failure mode (56%). In contrast, the problem solving trajectory of ReActis more grounded, fact-driven, and trustworthy, thanks to the access of an external knowledge base. B) While interleaving reasoning, action and observation steps improves ReAct’s grounded- ness and trustworthiness, such a structural constraint also reduces its ﬂexibility in formulating reasoning steps, leading
169	improves ReAct’s grounded- ness and trustworthiness, such a structural constraint also reduces its ﬂexibility in formulating reasoning steps, leading to more reasoning error rate than CoT. we note that there is one frequent error pattern speciﬁc to ReAct, in which the model repetitively generates the previous thoughts and actions, and we categorize it as part of “reasoning error” as the model fails to reason about what the proper next action to take and jump out of the loop4. C) For ReAct, successfully retrieving informative knowledge via search is critical. Non- informative search, which counts for 23% of the error cases, derails the model reasoning and gives it a hard time to recover and reformulate thoughts. This is perhaps an expected trade-off between factuality and ﬂexibility, which motivates our proposed strategies of combining two methods. We provide examples for each success and failure modes in Appendix E.1. We also ﬁnd some HotpotQA questions may contain outdated answer
170	g two methods. We provide examples for each success and failure modes in Appendix E.1. We also ﬁnd some HotpotQA questions may contain outdated answer labels, see Figure 4 for example. ReAct + CoT-SC perform best for prompting LLMs Also shown in Table 1, the best prompting method on HotpotQA and Fever are ReAct→ CoT-SC and CoT-SC→ ReAct respectively. Furthermore, Figure 2 shows how different methods perform with respect to the number of CoT-SC samples used. While two ReAct + CoT-SC methods are advantageous at one task each, they both signiﬁcantly and consistently outperform CoT-SC across different number of samples, reaching CoT-SC performance with 21 samples using merely 3-5 samples. These results indicate the value of properly combining model internal knowledge and external knowledge for reasoning tasks. ReAct performs best for ﬁne-tuning Figure 3 shows the scaling effect of prompting/ﬁnetuning four methods (Standard, CoT, Act, ReAct) on HotpotQA. With PaLM-8/62B, promptingReAct
171	-tuning Figure 3 shows the scaling effect of prompting/ﬁnetuning four methods (Standard, CoT, Act, ReAct) on HotpotQA. With PaLM-8/62B, promptingReAct performs worst among four methods due to the difﬁculty to learn both reasoning and acting from in-context examples. However, when ﬁnetuned with just 3,000 examples, ReAct becomes the best method among the four, with PaLM-8B ﬁnetuned ReAct outperforming all PaLM-62B prompting methods, and PaLM-62B ﬁnetuned ReAct outperforming all 540B prompting methods. In contrast, ﬁnetuning Standard or CoT is signiﬁcantly worse than ﬁnetuning ReAct or Act for both PaLM- 8/62B, as the former essentially teaches models to memorize (potentially halluincated) knowledge facts, and the latter teaches models how to (reason and) act to access information from Wikipedia, a more generalizable skill for knowledge reasoning. As all prompting methods are still signiﬁcantly far from domain-speciﬁc state-of-the-art approaches (Table 1), we believe ﬁnetuning with more
172	asoning. As all prompting methods are still signiﬁcantly far from domain-speciﬁc state-of-the-art approaches (Table 1), we believe ﬁnetuning with more human-written data might be a better way to unleash the power of ReAct. 4We suspect that this could be due to the sub-optimal greedy decoding procedure, and future work using better decoding (e.g. beam search) might help address this issue. 6
173	Published as a conference paper at ICLR 2023 8b 62b 540b size 0 5 10 15 20 25 30HotpotQA EM learning = prompt 8b 62b 540b size learning = finetune Method Standard CoT Act ReAct Figure 3: Scaling results for prompting and ﬁnetuning on HotPotQA withReAct (ours) and baselines. 4 D ECISION MAKING TASKS We also test ReAct on two language-based interactive decision-making tasks, ALFWorld and WebShop, both of which feature complex environments that require agents to act over long horizons with sparse rewards, warranting the need for reasoning to act and explore effectively. ALFWorld ALFWorld (Shridhar et al., 2020b) (Figure 1(2)) is a synthetic text-based game designed to align with the embodied ALFRED benchmark (Shridhar et al., 2020a). It includes 6 types of tasks in which an agent needs to achieve a high-level goal (e.g. examine paper under desklamp) by navigating and interacting with a simulated household via text actions (e.g. go to coffeetable 1, take paper 2, use desklamp 1). A task
174	r desklamp) by navigating and interacting with a simulated household via text actions (e.g. go to coffeetable 1, take paper 2, use desklamp 1). A task instance can have more than 50 locations and take an expert policy more than 50 steps to solve, thus challenging an agent to plan and track subgoals, as well as explore systematically (e.g. check all desks one by one for desklamp). In particular, one challenge built into ALFWorld is the need to determine likely locations for common household items (e.g. desklamps will likely be on desks, shelfs, or dressers), making this environment a good ﬁt for LLMs to exploit their pretrained commonsense knowledge. To prompt ReAct, we randomly annotate three trajectories from the training set for each task type, where each trajectory includes sparse thoughts that (1) decompose the goal, (2) track subgoal completion, (3) determine the next subgoal, and (4) reason via commonsense where to ﬁnd an object and what to do with it. We show prompts used for
175	oal completion, (3) determine the next subgoal, and (4) reason via commonsense where to ﬁnd an object and what to do with it. We show prompts used for ALFWorld in Appendix C.4. Following Shridhar et al. (2020b), we evaluate on 134 unseen evaluation games in a task-speciﬁc setup. For robustness, we construct 6 prompts for each task type through each permutation of 2 annotated trajectories from the 3 we annotate. Act prompts are constructed using the same trajectories, but without thoughts — since task instances are randomly chosen from the training set, it favors neitherReAct nor Act and provides a fair and controlled comparison to test the importance of sparse thoughts. For baselines, we use BUTLER (Shridhar et al., 2020b), an imitation learning agent trained on 105 expert trajectories for each task type5. WebShop Can ReAct also interact with noisy real-world language environments for practical applications? We investigate WebShop (Yao et al., 2022), a recently proposed online
176	interact with noisy real-world language environments for practical applications? We investigate WebShop (Yao et al., 2022), a recently proposed online shopping website environment with 1.18M real-world products and 12k human instructions. Unlike ALFWorld, Webshop contains a high variety of structured and unstructured texts (e.g. product titles, descriptions, and options crawled from Amazon), and requires an agent to purchase a product based on a user instruction (e.g. “I am looking for a nightstand with drawers. It should have a nickel ﬁnish, and priced lower than $140”) through web interactions (e.g. search “nightstand drawers”, choose buttons such as “color: modern-nickel-white” or “back to search”). This task is evaluated by average score (percentage of desired attributes covered by the chosen product averaged across all episodes) and success rate (percentage of episodes where the chosen product satisﬁes all requirements) on 500 test instructions. We formulate Act prompts with
177	) and success rate (percentage of episodes where the chosen product satisﬁes all requirements) on 500 test instructions. We formulate Act prompts with actions to search, choose product, choose options, and buy, with ReAct prompts additionally reasoning to determine what to explore, when to buy, and what products options are relevant to the instruction. See Table 6 for an example prompt, and Table 10 for model predictions in the Appendix. We compare to an imitation learning (IL) method 5Micheli & Fleuret (2021) ﬁnetuned a GPT-2 model on 3553 task instances and achieved a much improved performance than BUTLER, but it is trained on all task types, thus not included as a baseline. 7
178	Published as a conference paper at ICLR 2023 Method Pick Clean Heat Cool Look Pick 2 All Act (best of 6) 88 42 74 67 72 41 45 ReAct (avg) 65 39 83 76 55 24 57 ReAct (best of 6) 92 58 96 86 78 41 71 ReAct-IM (avg) 55 59 60 55 23 24 48 ReAct-IM (best of 6) 62 68 87 57 39 33 53 BUTLERg (best of 8) 33 26 70 76 17 12 22 BUTLER (best of 8) 46 39 74 100 22 24 37 Table 3: AlfWorld task-speciﬁc success rates (%). BUTLER and BUTLERg results are from Table 4 of Shridhar et al. (2020b). All methods use greedy decoding, except that BUTLER uses beam search. Method Score SR Act 62.3 30.1 ReAct 66.6 40.0 IL 59.9 29.1 IL+RL 62.4 28.7 Human 82.1 59.6Expert Table 4: Score and suc- cess rate (SR) on Web- shop. IL/IL+RL taken from Yao et al. (2022). trained with 1,012 human annotated trajectories, and a imitation + reinforcement learning (IL + RL) method additionally trained with 10,587 training instructions. Results ReAct outperforms Act on both ALFWorld (Table 3) and Webshop (Table 4). On ALFWorld, the
179	ditionally trained with 10,587 training instructions. Results ReAct outperforms Act on both ALFWorld (Table 3) and Webshop (Table 4). On ALFWorld, the bestReAct trial achieves an average success rate of 71%, signiﬁcantly outperforming the best Act (45%) and BUTLER (37%) trials. In fact, even the worse ReAct trial (48%) beats the best trial of both methods. Moreover, the advantage of ReAct over Act is consistent across six controlled trials, with relative performance gain ranging from 33% to 90% and averaging 62%. Qualitatively, we saw that, without any thoughts at all, Act fails to correctly decompose goals into smaller subgoals, or loses track of the current state of the environment. Example trajectories comparing ReAct and Act can be found in Appendix D.2.1 and Appendix D.2.2. On Webshop, one-shot Act prompting already performs on par with IL and IL+RL methods. With additional sparse reasoning, ReAct achieves signiﬁcantly better performance, with an absolute 10% improvement over the
180	with IL and IL+RL methods. With additional sparse reasoning, ReAct achieves signiﬁcantly better performance, with an absolute 10% improvement over the previous best success rate. By checking examples, we ﬁnd that ReAct is more likely to identify instruction-relevant products and options by reasoning to bridge the gap between noisy observations and actions (e.g. “For ‘space-saving ottoman bench for living room’, the item has options ‘39x18x18inch’ and ‘blue’ and seems good to buy.”). However, existing methods are still far from the performance of expert humans (Table 4), who perform signiﬁcantly more product explorations and query re-formulations that are still challenging for prompting-based methods. On the value of internal reasoning vs. external feedback To our knowledge, ReAct is the ﬁrst demonstration of combined reasoning and action using an LLM applied to an interactive environment within a closed-loop system. Perhaps the closest prior work is Inner Monologue (IM), from Huang et
181	using an LLM applied to an interactive environment within a closed-loop system. Perhaps the closest prior work is Inner Monologue (IM), from Huang et al. (2022b), in which actions from an embodied agent are motivated by an eponymous “inner monologue”. However, IM’s “inner monologue” is limited to observations of the environment state and what needs to be completed by the agent for the goal to be satisﬁed. In contrast, the reasoning traces in ReAct for decision making is ﬂexible and sparse, allowing diverse reasoning types (see Section 2) to be induced for different tasks. To demonstrate the differences between ReAct and IM, and to highlight the importance of internal reasoning vs. simple reactions to external feedback, we ran an ablation experiment using a thought pattern composed of IM-like dense external feedback. As can be seen in Table 3,ReAct substantially outperforms IM-style prompting ( ReAct-IM) (71 vs. 53 overall success rate), with consistent advantages on ﬁve out of six
182	Table 3,ReAct substantially outperforms IM-style prompting ( ReAct-IM) (71 vs. 53 overall success rate), with consistent advantages on ﬁve out of six tasks. Qualitatively, we observed that ReAct-IM often made mistakes in identifying when subgoals were ﬁnished, or what the next subgoal should be, due to a lack of high- level goal decomposition. Additionally, many ReAct-IM trajectories struggled to determine where an item would likely be within the ALFWorld environment, due to a lack of commonsense reasoning. Both shortcomings can be addressed in the ReAct paradigm. More details about ReAct-IM is in Appendix B.2. An example prompt for ReAct-IM can be found in Appendix C.4, and an example trajectory in Appendix D.2.3. 8
183	Published as a conference paper at ICLR 2023 5 R ELATED WORK Language model for reasoning Perhaps the most well-known work of using LLMs for reasoning is Chain-of-Thought (CoT) (Wei et al., 2022), which reveals the ability of LLMs to formulate their own “thinking procedure” for problem solving. Several follow-up works have since been performed, including least-to-most prompting for solving complicated tasks (Zhou et al., 2022), zero-shot- CoT (Kojima et al., 2022), and reasoning with self-consistency (Wang et al., 2022a). Recently, (Madaan & Yazdanbakhsh, 2022) systematically studied the formulation and structure of CoT, and observed that the presence of symbols, patterns and texts is crucial to the effectiveness of CoT. Other work has also been extended to more sophisticated reasoning architecture beyond simple prompting. For example Selection-Inference (Creswell et al., 2022) divides the reasoning process into two steps of “selection” and “inference”. STaR (Zelikman et al., 2022)
184	Selection-Inference (Creswell et al., 2022) divides the reasoning process into two steps of “selection” and “inference”. STaR (Zelikman et al., 2022) bootstraps the reasoning process by ﬁnetuning the model on correct rationales generated by the model itself. Faithful reasoning (Creswell & Shanahan, 2022) decomposes multi-step reasoning into three steps, each performed by a dedicated LM respectively. Similar approaches like Scratchpad (Nye et al., 2021), which ﬁnetunes a LM on intermediate computation steps, also demonstrate improvement on multi-step computation problems. In contrast to these methods, ReAct performs more than just isolated, ﬁxed reasoning, and integrates model actions and their corresponding observations into a coherent stream of inputs for the model to reason more accurately and tackle tasks beyond reasoning (e.g. interactive decision making). Language model for decision making The strong capability of LLMs has enabled them to perform tasks beyond language
185	(e.g. interactive decision making). Language model for decision making The strong capability of LLMs has enabled them to perform tasks beyond language generation, and it is becoming more popular to take advantage of LLMs as a policy model for decision making, especially in interactive environments. WebGPT (Nakano et al., 2021) uses an LM to interact with web browsers, navigate through web pages, and infer answers to complicated questions from ELI5 (Fan et al., 2019). In comparison to ReAct, WebGPT does not explicitly model the thinking and reasoning procedure, instead rely on expensive human feedback for reinforcement learning. In conversation modeling, chatbots like BlenderBot (Shuster et al., 2022b) and Sparrow (Glaese et al., 2022) and task-oriented dialogue systems like SimpleTOD (Hosseini-Asl et al., 2020) also train LMs to make decision about API calls. Unlike ReAct, they do not explicitly consider the reasoning procedure either, and also relies on expensive datasets and human
186	"ecision about API calls. Unlike ReAct, they do not explicitly consider the reasoning procedure either, and also relies on expensive datasets and human feedback collections for policy learning. In contrast, ReAct learns a policy in a much cheaper way, since the decision making process only requires language description of the reasoning procedure.6 LLMS have also been increasingly employed in interactive and embodied environments for planning and decision making. Perhaps most relevant to ReAct in this respect are SayCan (Ahn et al., 2022) and Inner Monologue (Huang et al., 2022b), which use LLMs for robotic action planning and decision making. In SayCan, LLMs were prompted to directly predict possible actions a robot can take, which is then reranked by an affordance model grounded on the visual environments for ﬁnal prediction. Inner Monologue made further improvements by adding the eponymous “inner monologue"", which is implemented as injected feedback from the environment. To our"
187	"Monologue made further improvements by adding the eponymous “inner monologue"", which is implemented as injected feedback from the environment. To our knowledge, Inner Monologue is the ﬁrst work that demonstrates such a closed-loop system, which ReAct builds on. However, we argue that Inner Monologue does not truly comprise of inner thoughts — this is elaborated in Section 4. We also note that leveraging language as semantically-rich inputs in the process of interactive decision making has been shown to be successful under other settings (Abramson et al., 2020; Karamcheti et al., 2021; Huang et al., 2022a; Li et al., 2022). It is becoming more evident that with the help of LLMs, language as a fundamental cognitive mechanism will play a critical role in interaction and decision making. What is more, progress in LLMs has also inspired the development of versatile and generalist agents like Reed et al. (2022). 6 C ONCLUSION We have proposed ReAct – a simple yet effective method for"
188	d the development of versatile and generalist agents like Reed et al. (2022). 6 C ONCLUSION We have proposed ReAct – a simple yet effective method for synergizing reasoning and acting in large language models. Through a diverse set of experiments on multi-hop question-answering, fact checking, and interactive decision-making tasks, we show that ReAct leads to superior performance with interpretable decision traces. Despite the simplicity of our method, complex tasks with large action spaces require more demonstrations to learn well, which unfortunately can easily go beyond the input length limit of in-context learning. We explore the ﬁne-tuning approach on HotpotQA 6Human feedback can also be incorporated in a complementary manner but we leave it for future work. 9
189	Published as a conference paper at ICLR 2023 with initial promising results, but learning from more high-quality human annotations will be the desiderata to further improve the performance. Scaling up ReAct with multi-task training and combining it with complementary paradigms like reinforcement learning could result in stronger agents that further unlock the potential of LLMs for more applications. ACKNOWLEDGMENTS We thank the support and feedback of many people from Google Brain team and Princeton NLP Group. This work was supported in part by the National Science Foundation under Grant No. 2107048. Any opinions, ﬁndings, and conclusions or recommendations expressed in this material are those of the author(s) and do not necessarily reﬂect the views of the National Science Foundation. REPRODUCIBILITY STATEMENT Our main experiments are done on PaLM (Chowdhery et al., 2022), which is not an openly accessible model yet. To increase reproducibility, we have included all used prompts in
190	done on PaLM (Chowdhery et al., 2022), which is not an openly accessible model yet. To increase reproducibility, we have included all used prompts in Appendix C, additional experiments using GPT-3 (Brown et al., 2020) in Appendix A.1, and associated GPT-3 ReAct prompting code at https://anonymous.4open.science/r/ReAct-2268/. ETHICS STATEMENT ReAct prompts large language models to generate more human interpretable, diagnosable, and controllable task-solving trajectories than previous methods. However, hooking up a large language model with an action space to interact with external environments (e.g. the web, physical environ- ments) has potential dangers, e.g. looking up inappropriate or private information, or taking harmful actions in an environment. Our experiments minimize such risks by limiting the interactions to speciﬁc websites (Wikipedia or WebShop) that are free of private information, without any dangerous actions in the action space design (i.e. models cannot really buy
191	s (Wikipedia or WebShop) that are free of private information, without any dangerous actions in the action space design (i.e. models cannot really buy products on WebShop the research benchmark, or edit Wikipedia). We believe researchers should be aware of such risks before designing more extensive experiments in the future. REFERENCES Josh Abramson, Arun Ahuja, Iain Barr, Arthur Brussee, Federico Carnevale, Mary Cassin, Rachita Chhaparia, Stephen Clark, Bogdan Damoc, Andrew Dudzik, Petko Georgiev, Aurelia Guy, Tim Harley, Felix Hill, Alden Hung, Zachary Kenton, Jessica Landon, Timothy Lillicrap, Kory Mathew- son, Soˇna Mokrá, Alistair Muldal, Adam Santoro, Nikolay Savinov, Vikrant Varma, Greg Wayne, Duncan Williams, Nathaniel Wong, Chen Yan, and Rui Zhu. Imitating interactive intelligence, 2020. URL https://arxiv.org/abs/2012.05672. Michael Ahn, Anthony Brohan, Noah Brown, Yevgen Chebotar, Omar Cortes, Byron David, Chelsea Finn, Chuyuan Fu, Keerthana Gopalakrishnan, Karol Hausman,
192	Michael Ahn, Anthony Brohan, Noah Brown, Yevgen Chebotar, Omar Cortes, Byron David, Chelsea Finn, Chuyuan Fu, Keerthana Gopalakrishnan, Karol Hausman, Alex Herzog, Daniel Ho, Jasmine Hsu, Julian Ibarz, Brian Ichter, Alex Irpan, Eric Jang, Rosario Jauregui Ruano, Kyle Jeffrey, Sally Jesmonth, Nikhil J Joshi, Ryan Julian, Dmitry Kalashnikov, Yuheng Kuang, Kuang-Huei Lee, Sergey Levine, Yao Lu, Linda Luu, Carolina Parada, Peter Pastor, Jornell Quiambao, Kanishka Rao, Jarek Rettinghouse, Diego Reyes, Pierre Sermanet, Nicolas Sievers, Clayton Tan, Alexander Toshev, Vincent Vanhoucke, Fei Xia, Ted Xiao, Peng Xu, Sichun Xu, Mengyuan Yan, and Andy Zeng. Do as i can, not as i say: Grounding language in robotic affordances, 2022. URL https://arxiv.org/abs/2204.01691. Ben Alderson-Day and Charles Fernyhough. Inner speech: development, cognitive functions, phenomenology, and neurobiology. Psychological bulletin, 141(5):931, 2015. Alan Baddeley. Working memory. Science, 255(5044):556–559, 1992.
193	functions, phenomenology, and neurobiology. Psychological bulletin, 141(5):931, 2015. Alan Baddeley. Working memory. Science, 255(5044):556–559, 1992. Tom Brown, Benjamin Mann, Nick Ryder, Melanie Subbiah, Jared D Kaplan, Prafulla Dhariwal, Arvind Neelakantan, Pranav Shyam, Girish Sastry, Amanda Askell, et al. Language models are few-shot learners. Advances in neural information processing systems , 33:1877–1901, 2020. 10
194	Published as a conference paper at ICLR 2023 Aakanksha Chowdhery, Sharan Narang, Jacob Devlin, Maarten Bosma, Gaurav Mishra, Adam Roberts, Paul Barham, Hyung Won Chung, Charles Sutton, Sebastian Gehrmann, et al. Palm: Scaling language modeling with pathways. arXiv preprint arXiv:2204.02311, 2022. Antonia Creswell and Murray Shanahan. Faithful reasoning using large language models, 2022. URL https://arxiv.org/abs/2208.14271. Antonia Creswell, Murray Shanahan, and Irina Higgins. Selection-inference: Exploiting large language models for interpretable logical reasoning, 2022. URL https://arxiv.org/abs/ 2205.09712. Angela Fan, Yacine Jernite, Ethan Perez, David Grangier, Jason Weston, and Michael Auli. ELI5: Long form question answering. In Proceedings of the 57th Annual Meeting of the Association for Computational Linguistics, pp. 3558–3567, Florence, Italy, July 2019. Association for Com- putational Linguistics. doi: 10.18653/v1/P19-1346. URL https://aclanthology.org/ P19-1346. Charles
195	7, Florence, Italy, July 2019. Association for Com- putational Linguistics. doi: 10.18653/v1/P19-1346. URL https://aclanthology.org/ P19-1346. Charles Fernyhough. Vygotsky, luria, and the social brain. Self and social regulation: Social interaction and the development of social understanding and executive functions , pp. 56–79, 2010. Amelia Glaese, Nat McAleese, Maja Trebacz, John Aslanides, Vlad Firoiu, Timo Ewalds, Mari- beth Rauh, Laura Weidinger, Martin Chadwick, Phoebe Thacker, Lucy Campbell-Gillingham, Jonathan Uesato, Po-Sen Huang, Ramona Comanescu, Fan Yang, Abigail See, Sumanth Dathathri, Rory Greig, Charlie Chen, Doug Fritz, Jaume Sanchez Elias, Richard Green, Soˇna Mokrá, Nicholas Fernando, Boxi Wu, Rachel Foley, Susannah Young, Iason Gabriel, William Isaac, John Mellor, Demis Hassabis, Koray Kavukcuoglu, Lisa Anne Hendricks, and Geoffrey Irving. Improving alignment of dialogue agents via targeted human judgements, 2022. URL
196	Hassabis, Koray Kavukcuoglu, Lisa Anne Hendricks, and Geoffrey Irving. Improving alignment of dialogue agents via targeted human judgements, 2022. URL https://storage.googleapis.com/deepmind-media/DeepMind. com/Authors-Notes/sparrow/sparrow-final.pdf. Ehsan Hosseini-Asl, Bryan McCann, Chien-Sheng Wu, Semih Yavuz, and Richard Socher. A simple language model for task-oriented dialogue. Advances in Neural Information Processing Systems , 33:20179–20191, 2020. Wenlong Huang, Pieter Abbeel, Deepak Pathak, and Igor Mordatch. Language models as zero-shot planners: Extracting actionable knowledge for embodied agents. arXiv preprint arXiv:2201.07207, 2022a. Wenlong Huang, Fei Xia, Ted Xiao, Harris Chan, Jacky Liang, Pete Florence, Andy Zeng, Jonathan Tompson, Igor Mordatch, Yevgen Chebotar, et al. Inner monologue: Embodied reasoning through planning with language models. arXiv preprint arXiv:2207.05608, 2022b. Siddharth Karamcheti, Megha Srivastava, Percy Liang, and Dorsa Sadigh. Lila:
197	gh planning with language models. arXiv preprint arXiv:2207.05608, 2022b. Siddharth Karamcheti, Megha Srivastava, Percy Liang, and Dorsa Sadigh. Lila: Language-informed latent actions. In CoRL, pp. 1379–1390, 2021. URL https://proceedings.mlr.press/ v164/karamcheti22a.html. Takeshi Kojima, Shixiang Shane Gu, Machel Reid, Yutaka Matsuo, and Yusuke Iwasawa. Large language models are zero-shot reasoners. arXiv preprint arXiv:2205.11916, 2022. Angeliki Lazaridou, Elena Gribovskaya, Wojciech Stokowiec, and Nikolai Grigorev. Internet- augmented language models through few-shot prompting for open-domain question answering. arXiv preprint arXiv:2203.05115, 2022. Patrick Lewis, Ethan Perez, Aleksandra Piktus, Fabio Petroni, Vladimir Karpukhin, Naman Goyal, Heinrich Küttler, Mike Lewis, Wen-tau Yih, Tim Rocktäschel, et al. Retrieval-augmented genera- tion for knowledge-intensive nlp tasks. Advances in Neural Information Processing Systems , 33: 9459–9474, 2020. Shuang Li, Xavier Puig, Chris
198	genera- tion for knowledge-intensive nlp tasks. Advances in Neural Information Processing Systems , 33: 9459–9474, 2020. Shuang Li, Xavier Puig, Chris Paxton, Yilun Du, Clinton Wang, Linxi Fan, Tao Chen, De-An Huang, Ekin Akyürek, Anima Anandkumar, Jacob Andreas, Igor Mordatch, Antonio Torralba, and Yuke Zhu. Pre-trained language models for interactive decision-making, 2022. URL https: //arxiv.org/abs/2202.01771. 11
199	Published as a conference paper at ICLR 2023 Aleksandr Romanovich Luria. Ls vygotsky and the problem of localization of functions. Neuropsy- chologia, 3(4):387–392, 1965. Aman Madaan and Amir Yazdanbakhsh. Text and patterns: For effective chain of thought, it takes two to tango, 2022. URL https://arxiv.org/abs/2209.07686. Vincent Micheli and François Fleuret. Language models are few-shot butlers. arXiv preprint arXiv:2104.07972, 2021. Reiichiro Nakano, Jacob Hilton, Suchir Balaji, Jeff Wu, Long Ouyang, Christina Kim, Christopher Hesse, Shantanu Jain, Vineet Kosaraju, William Saunders, Xu Jiang, Karl Cobbe, Tyna Eloundou, Gretchen Krueger, Kevin Button, Matthew Knight, Benjamin Chess, and John Schulman. Webgpt: Browser-assisted question-answering with human feedback, 2021. URL https://arxiv. org/abs/2112.09332. Maxwell Nye, Anders Johan Andreassen, Guy Gur-Ari, Henryk Michalewski, Jacob Austin, David Bieber, David Dohan, Aitor Lewkowycz, Maarten Bosma, David Luan, Charles Sutton, and
200	Andreassen, Guy Gur-Ari, Henryk Michalewski, Jacob Austin, David Bieber, David Dohan, Aitor Lewkowycz, Maarten Bosma, David Luan, Charles Sutton, and Augustus Odena. Show your work: Scratchpads for intermediate computation with language models, 2021. URL https://arxiv.org/abs/2112.00114. Scott Reed, Konrad Zolna, Emilio Parisotto, Sergio Gomez Colmenarejo, Alexander Novikov, Gabriel Barth-Maron, Mai Gimenez, Yury Sulsky, Jackie Kay, Jost Tobias Springenberg, Tom Eccles, Jake Bruce, Ali Razavi, Ashley Edwards, Nicolas Heess, Yutian Chen, Raia Hadsell, Oriol Vinyals, Mahyar Bordbar, and Nando de Freitas. A generalist agent, 2022. URL https: //arxiv.org/abs/2205.06175. Mohit Shridhar, Jesse Thomason, Daniel Gordon, Yonatan Bisk, Winson Han, Roozbeh Mottaghi, Luke Zettlemoyer, and Dieter Fox. Alfred: A benchmark for interpreting grounded instructions for everyday tasks. In Proceedings of the IEEE/CVF conference on computer vision and pattern recognition, pp. 10740–10749, 2020a. Mohit
201	d instructions for everyday tasks. In Proceedings of the IEEE/CVF conference on computer vision and pattern recognition, pp. 10740–10749, 2020a. Mohit Shridhar, Xingdi Yuan, Marc-Alexandre Côté, Yonatan Bisk, Adam Trischler, and Matthew Hausknecht. Alfworld: Aligning text and embodied environments for interactive learning. arXiv preprint arXiv:2010.03768, 2020b. Kurt Shuster, Mojtaba Komeili, Leonard Adolphs, Stephen Roller, Arthur Szlam, and Jason Weston. Language models that seek for knowledge: Modular search & generation for dialogue and prompt completion. arXiv preprint arXiv:2203.13224, 2022a. Kurt Shuster, Jing Xu, Mojtaba Komeili, Da Ju, Eric Michael Smith, Stephen Roller, Megan Ung, Moya Chen, Kushal Arora, Joshua Lane, Morteza Behrooz, William Ngan, Spencer Poff, Naman Goyal, Arthur Szlam, Y-Lan Boureau, Melanie Kambadur, and Jason Weston. Blenderbot 3: a deployed conversational agent that continually learns to responsibly engage, 2022b. URL https://arxiv.org/abs/2208.03188.
202	ason Weston. Blenderbot 3: a deployed conversational agent that continually learns to responsibly engage, 2022b. URL https://arxiv.org/abs/2208.03188. James Thorne, Andreas Vlachos, Christos Christodoulopoulos, and Arpit Mittal. Fever: a large-scale dataset for fact extraction and veriﬁcation. arXiv preprint arXiv:1803.05355, 2018. Lev S Vygotsky. Thinking and speech. The collected works of LS Vygotsky , 1:39–285, 1987. Xuezhi Wang, Jason Wei, Dale Schuurmans, Quoc Le, Ed Chi, Sharan Narang, Aakanksha Chowdh- ery, and Denny Zhou. Self-consistency improves chain of thought reasoning in language models, 2022a. URL https://arxiv.org/abs/2203.11171. Xuezhi Wang, Jason Wei, Dale Schuurmans, Quoc Le, Ed Chi, and Denny Zhou. Rationale-augmented ensembles in language models. arXiv preprint arXiv:2207.00747, 2022b. Jason Wei, Xuezhi Wang, Dale Schuurmans, Maarten Bosma, Ed Chi, Quoc Le, and Denny Zhou. Chain of thought prompting elicits reasoning in large language models. arXiv preprint
203	Dale Schuurmans, Maarten Bosma, Ed Chi, Quoc Le, and Denny Zhou. Chain of thought prompting elicits reasoning in large language models. arXiv preprint arXiv:2201.11903, 2022. Zhilin Yang, Peng Qi, Saizheng Zhang, Yoshua Bengio, William W Cohen, Ruslan Salakhutdinov, and Christopher D Manning. Hotpotqa: A dataset for diverse, explainable multi-hop question answering. arXiv preprint arXiv:1809.09600, 2018. 12
204	Published as a conference paper at ICLR 2023 Shunyu Yao, Rohan Rao, Matthew Hausknecht, and Karthik Narasimhan. Keep CALM and explore: Language models for action generation in text-based games. InProceedings of the 2020 Conference on Empirical Methods in Natural Language Processing (EMNLP) , pp. 8736–8754, Online, Novem- ber 2020. Association for Computational Linguistics. doi: 10.18653/v1/2020.emnlp-main.704. URL https://aclanthology.org/2020.emnlp-main.704. Shunyu Yao, Howard Chen, John Yang, and Karthik Narasimhan. Webshop: Towards scalable real-world web interaction with grounded language agents. arXiv preprint arXiv:2207.01206 , 2022. Eric Zelikman, Yuhuai Wu, Jesse Mu, and Noah D. Goodman. Star: Bootstrapping reasoning with reasoning, 2022. URL https://arxiv.org/abs/2203.14465. Denny Zhou, Nathanael Schärli, Le Hou, Jason Wei, Nathan Scales, Xuezhi Wang, Dale Schuurmans, Olivier Bousquet, Quoc Le, and Ed Chi. Least-to-most prompting enables complex reasoning in large language
205	athan Scales, Xuezhi Wang, Dale Schuurmans, Olivier Bousquet, Quoc Le, and Ed Chi. Least-to-most prompting enables complex reasoning in large language models, 2022. URL https://arxiv.org/abs/2205.10625. Yunchang Zhu, Liang Pang, Yanyan Lan, Huawei Shen, and Xueqi Cheng. Adaptive information seeking for open-domain question answering. arXiv preprint arXiv:2109.06747, 2021. 13
206	Published as a conference paper at ICLR 2023 A A DDITIONAL RESULTS A.1 GPT-3 E XPERIMENTS PaLM-540B GPT-3 HotpotQA (exact match) 29.4 30.8 ALFWorld (success rate %) 70.9 78.4 Table 5: ReAct prompting results using PaLM-540B vs. GPT-3 (text-davinci-002, greedy decoding). On HotpotQA, we randomly sample a subset of 500 validation questions. On ALFWorld, we use all 134 unseen validation task instances, and use the best prompt set according to PaLM-540B. We run additional GPT-3 (Brown et al., 2020) experiments to conﬁrmReAct prompting performance is general across different large language models. As shown in Table 5, GPT-3 (text-davinci-002, greedy decoding) consistently outperforms PaLM-540B on HotpotQA and ALFWorld, possibly because it is ﬁnetuned with human instruction following. This indicates ReAct prompting is effective across different large language models on different tasks. The code for these experiments are at https://react-lm.github.io/. A.2 REAC T OBTAINS UP -TO-DATE
207	different large language models on different tasks. The code for these experiments are at https://react-lm.github.io/. A.2 REAC T OBTAINS UP -TO-DATE KNOWLEDGE ON HOTPOT QA D 6WDQGDUG $QVZHU  E &R7 5HDVRQ2QO\ 7KRXJKW /HW VWKLQNVWHS E\VWHS7KHKRWHOWKDWLV KRPHWRWKH&LUTXHGX 6ROHLOVKRZ0\VWHUHLV 7UHDVXUH,VODQG7UHDVXUH ,VODQGKDVURRPVVR WKHDQVZHULV $QVZHU  F $FW2QO\ $FW 6HDUFK>&LUTXHGX6ROHLO@ 2EV &LUTXHGX6ROHLOLVD &DQDGLDQHQWHUWDLQPHQWFRPSDQ\ª $FW /RRNXS>0\VWHUH@ 2EV 1RPRUHUHVXOWV $FW 6HDUFK>0\VWHUH &LUTXHGX 6ROHLOVKRZ @ 2EV &RXOGQRWILQGª $FW 6HDUFK>0\VWHUH &LUTXHGX 6ROHLO @ 2EV 0\VWqUH P\VWHHU LV RQHRIVL[ª $FW /RRNXS>7UHDVXUH,VODQG +RWHODQG&DVLQR@ ªª HQGZLWKRXWDQVZHU G 5H$FW 5HDVRQ$FW 7KRXJKW ,QHHGWRVHDUFK&LUTXHGX6ROHLOVKRZ0\VWHUH ILQGWKHKRWHOLWLVLQWKHQILQGWKHQXPEHURIURRPVLQ WKHKRWHO $FW 6HDUFK>&LUTXHGX6ROHLOVKRZ0\VWHUH@
208	"UFK&LUTXHGX6ROHLOVKRZ0\VWHUH ILQGWKHKRWHOLWLVLQWKHQILQGWKHQXPEHURIURRPVLQ WKHKRWHO $FW 6HDUFK>&LUTXHGX6ROHLOVKRZ0\VWHUH@ 2EV &RXOGQRWILQG&LUTXHGX6ROHLOVKRZ0\VWHUH 6LPLODU > &LUTXHGX6ROHLO ª 7KRXJKW 7RILQGWKHKRWHO,FDQVHDUFK0\VWHUH &LUTXH GX6ROHLO  $FW 6HDUFK>0\VWHUH &LUTXHGX6ROHLO @ 2EV 0\VWqUH P\VWHHU LVª+HOGLQDFXVWRPWKHDWUHDW WKH7UHDVXUH,VODQG+RWHODQG&DVLQRª 7KRXJKW 0\VWHUHLVKHOGLQDFXVWRPWKHDWUHDWWKH 7UHDVXUH,VODQG+RWHODQG&DVLQR6R,QHHGWRVHDUFK 7UHDVXUH,VODQG+RWHODQG&DVLQRQH[WDQGILQGWKHQXPEHU RIURRPVLQWKHKRWHO $FW 6HDUFK>7UHDVXUH,VODQG+RWHODQG&DVLQR@ 2EV 7UHDVXUH,VODQG+RWHODQG&DVLQRªZLWKURRPV DQGVXLWHVª 7KRXJKW 7UHDVXUH,VODQG+RWHODQG&DVLQRKDVURRPV DQGVXLWHV6RWKHDQVZHULV $FW )LQLVK>@ Ҽ 4XHVWLRQ +RZPDQ\URRPVDUHLQWKHKRWHOWKDWLVKRPHWR WKH&LUTXHGX6ROHLOVKRZ0\VWHUH"" +RWSRW4$ODEHO"
209	"HDQVZHULV $FW )LQLVK>@ Ҽ 4XHVWLRQ +RZPDQ\URRPVDUHLQWKHKRWHOWKDWLVKRPHWR WKH&LUTXHGX6ROHLOVKRZ0\VWHUH"" +RWSRW4$ODEHO   +RWVSRW4$ 2XWGDWHG 8SWRGDWH Figure 4: Another example HotpotQA question, where the original label is outdated. Only ReAct is able to obtain the up-to-date answer thanks to real-world web interaction plus reasoning. During trajectory inspection, we also ﬁnd that sometimes ReAct does not agree with dataset labels as the labels themselves could be outdated. For example, as shown in Figure 4, the question asks about the size of a hotel, which increased from the HotpotQA construction time. WhileStandard and CoT give wrong answers due to hallucination, Act fails despite the access of real-world web interaction, due to a lack of reasoning to guide how to interact with the Internet for QA. Only ReAct is able to retrieve up-to-date information from the Internet and provide a reasonable answer. Therefore, better incorporation of"
210	et for QA. Only ReAct is able to retrieve up-to-date information from the Internet and provide a reasonable answer. Therefore, better incorporation of reasoning abilities might beneﬁt recent Internet-augmented language models (Nakano et al., 2021; Lazaridou et al., 2022; Shuster et al., 2022a) for up-to-date task solving. A.3 H UMAN -IN-THE -LOOP BEHAVIOR CORRECTION ON ALFWORLD We also explore human-in-the-loop interaction with ReAct, to allow a human to inspect and edit ReAct’s reasoning traces. Figure 5 shows that by simply removing a hallucinating sentence in Act 17 and adding some hints in Act 23, ReAct can be made to change its behavior drastically to align with these human thought edits and succeed in the task. From a human perspective, solving such a task becomes signiﬁcantly easier, from typing tens of actions to only editing a couple of thoughts, which enables new forms of human-machine collaboration. We note that such a policy edit on-the-go 14
211	Published as a conference paper at ICLR 2023 D 5H$FW  2EV <RXRSHQWKHGUDZHU7KHGUDZHULVRSHQ,QLW\RX VHHDNH\FKDLQDQGDZDWFK $FW 7KLQN>1RZ,ILQGWKHILUVWNH\FKDLQ  1H[W,QHHGWR WDNHLW,FDQILQGWKHVHFRQGNH\FKDLQ  ODWHULQGUDZHU@ $FW WDNHNH\FKDLQIURPGUDZHU 2EV <RXSLFNXSWKHNH\FKDLQIURPWKHGUDZHU  $FW SXWNH\FKDLQLQRQVDIH 2EV <RXSXWWKHNH\FKDLQLQRQWKHVDIH $FW 7KLQN>1RZ,SXWWKHILUVWNH\FKDLQLQVDIH1H[W,QHHG WRILQGWKHVHFRQGNH\FKDLQ,FDQGLUHFWO\JRWRGUDZHU@ $FW JRWRGUDZHU 2EV 7KHGUDZHULVRSHQ,QLW\RXVHHDZDWFK $FW 7KLQN>1RZ,ILQGWKHVHFRQGNH\FKDLQ  1H[W,QHHG WRWDNHLW@ $FW WDNHNH\FKDLQIURPGUDZHU 2EV 1RWKLQJKDSSHQV E 5H$FW +XPDQ7KRXJKWHGLW  2EV <RXRSHQWKHGUDZHU7KHGUDZHULVRSHQ,QLW\RXVHHD NH\FKDLQDQGDZDWFK $FW
212	KDSSHQV E 5H$FW +XPDQ7KRXJKWHGLW  2EV <RXRSHQWKHGUDZHU7KHGUDZHULVRSHQ,QLW\RXVHHD NH\FKDLQDQGDZDWFK $FW ѕ7KLQNѕ>1RZ,ILQGWKHILUVWNH\FKDLQ  1H[W,QHHGWRWDNHLW, FDQILQGWKHVHFRQGNH\FKDLQ  ODWHULQGUDZHU@ $FW WDNHNH\FKDLQIURPGUDZHU 2EV <RXSLFNXSWKHNH\FKDLQIURPWKHGUDZHU  $FW SXWNH\FKDLQLQRQVDIH 2EV <RXSXWWKHNH\FKDLQLQRQWKHVDIH $FW 7KLQNѕ>1RZ,SXWWKHILUVWNH\FKDLQLQVDIH1H[W,QHHGWRILQG WKHVHFRQGNH\FKDLQZKLFKLVPRUHOLNHO\WRDSSHDULQGUHVVHU   JDUEDJHFDQ  VDIH  VLGHWDEOH  VRID  VKHOI  @ $FW JRWRGUHVVHU 2EV 2QWKHGUHVVHU\RXVHHDER[DFUHGLWFDUGDNH\FKDLQD  NH\FKDLQDODSWRS $FW 7KLQNѕ>1RZ,ILQGWKHVHFRQGNH\FKDLQ  1H[W,QHHGWRWDNH LW@ $FW WDNHNH\FKDLQIURPGUHVVHU 2EV <RXSLFNXSWKHNH\FKDLQIURPWKHGUHVVHU $FW
213	VHFRQGNH\FKDLQ  1H[W,QHHGWRWDNH LW@ $FW WDNHNH\FKDLQIURPGUHVVHU 2EV <RXSLFNXSWKHNH\FKDLQIURPWKHGUHVVHU $FW 7KLQNѕ>1RZ,WDNHWKHVHFRQGNH\FKDLQ  1H[W,QHHGWRSXWLW LQRQVDIH@ $FW JRWRVDIH 2EV 7KHVDIHLVRSHQ,QLW\RXVHHDNH\FKDLQDVWDWXHDQGD  ZDWFK $FW SXWNH\FKDLQLQRQVDIH 2EV <RXSXWWKHNH\FKDLQLQRQWKHVDIH Ҽ <RXDUHLQWKHPLGGOHRIDURRP/RRNLQJTXLFNO\DURXQG\RX \RXVHHDDUPFKDLUDFDELQHWªDFDELQHWDGUDZHU ªDGUDZHUDGUHVVHUDJDUEDJHFDQDVDIHDVKHOI ªDVKHOIDVLGHWDEOHDQGDVRID <RXUWDVNLVWR SXWWZRNH\FKDLQLQVDIH $OI:RUOG Figure 5: A human-in-the-loop behavior correction example with ReAct in AlfWorld. (a) ReAct trajectory fails due to a hallucinating thought (Act 17). (b) By a human simply editing two thoughts (Act 17, 23), the ReAct trajectory produces desirable reasoning traces and actions and
214	ng thought (Act 17). (b) By a human simply editing two thoughts (Act 17, 23), the ReAct trajectory produces desirable reasoning traces and actions and succeeds. is difﬁcult for Act and previous RL methods, as a human cannot change the model parameters, and changing a few actions might not edit the rest of the model behavior. This paradigm is also more than human dialogue to update the goal or subgoal as in Huang et al. (2022b) — while editing ReAct thoughts can do these, it can also modify the model’s internal belief, reasoning styles, or anything the ﬂexible thought space supports, for better task solving. We believe this is an exciting direction for human alignment and leave more systematic study as future work. B E XPERIMENT DETAILS B.1 H OTPOT QA F INETUNING DETAILS For all ﬁnetuning we use a batch size of 64. On PaLM-8B, we ﬁnetune ReAct and Act methods for 4, 000 steps and Standard and CoT methods for 2, 000 steps. On PaLM-62B, we ﬁnetune ReAct and Act methods for 4, 000 steps
215	e ReAct and Act methods for 4, 000 steps and Standard and CoT methods for 2, 000 steps. On PaLM-62B, we ﬁnetune ReAct and Act methods for 4, 000 steps and Standard and CoT methods for 1, 000 steps. We ﬁnd ReAct and Act methods generally beneﬁt from more training steps (and more training data), while Standard and CoT methods degrade soon after ﬁnetuning. B.2 A LFWORLD IM-S TYLE DETAILS For the IM-style ablation, the same expert trajectories used in ReAct are reannotated with dense external feedback thoughts within these trajectories, that limit ReAct-IM to only think about (1) decomposing the current goal and (2) the current subgoal that needs to be completed. In particular, ReAct-IM lacks thoughts that (1) determine when a subgoal is completed (2) determine what the next subgoal should be (3) inducing the LLM to refer to its internal pretraining knowledge to identify where items can be within the environment. 15
216	"Published as a conference paper at ICLR 2023 C P ROMPTS C.1 H OTPOT QA Hotpot QA Prompts Original Question What is the elevation range for the area that the eastern sector of the Colorado orogeny extends into? Answer 1,800 to 7,000 ft Question Musician and satirist Allie Goertz wrote a song about the ""The Simpsons"" character Milhouse, who Matt Groening named after who? Answer Richard Nixon Question Which documentary is about Finnish rock groups, Adam Clayton Powell or The Saimaa Gesture? Answer The Saimaa Gesture Question What profession does Nicholas Ray and Elia Kazan have in common? Answer director, screenwriter, actor Question Which magazine was started first Arthur’s Magazine or First for Women? Answer Arthur’s Magazine Question Were Pavel Urysohn and Leonid Levin known for the same type of work? Answer Yes Act Question What is the elevation range for the area that the eastern sector of the Colorado orogeny extends into? Action 1 Search[Colorado orogeny] Observation 1 The"
217	"is the elevation range for the area that the eastern sector of the Colorado orogeny extends into? Action 1 Search[Colorado orogeny] Observation 1 The Colorado orogeny was an episode of mountain building (an orogeny) in Colorado and surrounding areas. Action 2 Lookup[eastern sector] Observation 2 (Result 1 / 1) The eastern sector extends into the High Plains and is called the Central Plains orogeny. Action 3 Search[High Plains] Observation 3 High Plains refers to one of two distinct land regions: Action 4 Search[High Plains (United States)] Observation 4 The High Plains are a subregion of the Great Plains. From east to west, the High Plains rise in elevation from around 1,800 to 7,000 ft (550 to 2,130 m).[3] Action 5 Finish[1,800 to 7,000 ft] Question Musician and satirist Allie Goertz wrote a song about the ""The Simpsons"" character Milhouse, who Matt Groening named after who? Action 1 Search[Milhouse] Observation 1 Milhouse Mussolini Van Houten is a recurring character in the Fox"
218	Milhouse, who Matt Groening named after who? Action 1 Search[Milhouse] Observation 1 Milhouse Mussolini Van Houten is a recurring character in the Fox animated television series The Simpsons voiced by Pamela Hayden and created by Matt Groening. Action 2 Lookup[named after] Observation 2 (Result 1 / 1) Milhouse was named after U.S. president Richard Nixon, whose middle name was Milhous. Action 3 Finish[Richard Nixon] Question Which documentary is about Finnish rock groups, Adam Clayton Powell or The Saimaa Gesture? Action 1 Search[Adam Clayton Powell] Observation 1 Could not find [Adam Clayton Powell]. Similar: [’Adam Clayton Powell III’, ’Seventh Avenue (Manhattan)’, ’Adam Clayton Powell Jr. State Office Building’, ’Isabel Washington Powell’, ’Adam Powell’, ’Adam Clayton Powell (film)’, ’Giancarlo Esposito’]. Action 2 Search[Adam Clayton Powell (film)] Observation 2 Adam Clayton Powell is a 1989 American documentary film directed by Richard Kilberg. The film is about the rise and fall
219	Powell (film)] Observation 2 Adam Clayton Powell is a 1989 American documentary film directed by Richard Kilberg. The film is about the rise and fall of influential African-American politician Adam Clayton Powell Jr.[3][4] It was later aired as part of the PBS series The American Experience. Action 3 Finish[The Saimaa Gesture] Question What profession does Nicholas Ray and Elia Kazan have in common? Action 1 Search[Nicholas Ray] Observation 1 Nicholas Ray (born Raymond Nicholas Kienzle Jr., August 7, 1911 - June 16, 1979) was an American film director, screenwriter, and actor best known for the 1955 film Rebel Without a Cause. Action 2 Search[Elia Kazan] Observation 2 Elia Kazan was an American film and theatre director, producer, screenwriter and actor. Continued on next page 16
220	Published as a conference paper at ICLR 2023 Hotpot QA Prompts – Continued from previous page Action 3 Finish[director, screenwriter, actor] Question Which magazine was started first Arthur’s Magazine or First for Women? Action 1 Search[Arthur’s Magazine] Observation 1 Arthur’s Magazine (1844-1846) was an American literary periodical published in Philadelphia in the 19th century. Action 2 Search[First for Women] Observation 2 First for Women is a woman’s magazine published by Bauer Media Group in the USA.[1] The magazine was started in 1989. Action 3 Finish[Arthur’s Magazine] Question Were Pavel Urysohn and Leonid Levin known for the same type of work? Action 1 Search[Pavel Urysohn] Observation 1 Pavel Samuilovich Urysohn (February 3, 1898 - August 17, 1924) was a Soviet mathematician who is best known for his contributions in dimension theory. Action 2 Search[Leonid Levin] Observation 2 Leonid Anatolievich Levin is a Soviet-American mathematician and computer scientist. Action 3
221	"sion theory. Action 2 Search[Leonid Levin] Observation 2 Leonid Anatolievich Levin is a Soviet-American mathematician and computer scientist. Action 3 Finish[yes] CoT Question What is the elevation range for the area that the eastern sector of the Colorado orogeny extends into? Thought Let’s think step by step. The eastern sector of Colorado orogeny extends into the High Plains. High Plains rise in elevation from around 1,800 to 7,000 ft, so the answer is 1,800 to 7,000 ft. Answer 1,800 to 7,000 ft Question Musician and satirist Allie Goertz wrote a song about the ""The Simpsons"" character Milhouse, who Matt Groening named after who? Thought Let’s think step by step. Milhouse was named after U.S. president Richard Nixon, so the answer is Richard Nixon. Answer Richard Nixon Question Which documentary is about Finnish rock groups, Adam Clayton Powell or The Saimaa Gesture? Thought Let’s think step by step. Adam Clayton Powell (film) is a documentary about an African-American politician,"
222	yton Powell or The Saimaa Gesture? Thought Let’s think step by step. Adam Clayton Powell (film) is a documentary about an African-American politician, not Finnish rock groups. So the documentary about Finnish rock groups must instead be The Saimaa Gesture. Answer The Saimaa Gesture Question What profession does Nicholas Ray and Elia Kazan have in common? Thought Let’s think step by step. Professions of Nicholas Ray are director, screenwriter, and actor. Professions of Elia Kazan are director, producer, screenwriter, and actor. So profession Nicholas Ray and Elia Kazan have in common is director, screenwriter, and actor. Answer director, screenwriter, actor Question Which magazine was started first Arthur’s Magazine or First for Women? Thought Let’s think step by step. Arthur’s Magazine was started in 1844. First for Women was started in 1989. 1844 (Arthur’s Magazine) < 1989 (First for Women), so Arthur’s Magazine was started first. Answer Arthur’s Magazine Question Were Pavel Urysohn
223	1989. 1844 (Arthur’s Magazine) < 1989 (First for Women), so Arthur’s Magazine was started first. Answer Arthur’s Magazine Question Were Pavel Urysohn and Leonid Levin known for the same type of work? Thought Let’s think step by step. Pavel Urysohn is a mathematician. Leonid Levin is a mathematician and computer scientist. So Pavel Urysohn and Leonid Levin have the same type of work. Answer Yes ReAct Question What is the elevation range for the area that the eastern sector of the Colorado orogeny extends into? Thought 1 I need to search Colorado orogeny, find the area that the eastern sector of the Colorado orogeny extends into, then find the elevation range of the area. Action 1 Search[Colorado orogeny] Observation 1 The Colorado orogeny was an episode of mountain building (an orogeny) in Colorado and surrounding areas. Thought 2 It does not mention the eastern sector. So I need to look up eastern sector. Action 2 Lookup[eastern sector] Observation 2 (Result 1 / 1) The eastern sector
224	s not mention the eastern sector. So I need to look up eastern sector. Action 2 Lookup[eastern sector] Observation 2 (Result 1 / 1) The eastern sector extends into the High Plains and is called the Central Plains orogeny. Thought 3 The eastern sector of Colorado orogeny extends into the High Plains. So I need to search High Plains and find its elevation range. Action 3 Search[High Plains] Observation 3 High Plains refers to one of two distinct land regions Thought 4 I need to instead search High Plains (United States). Action 4 Search[High Plains (United States)] Continued on next page 17
225	"Published as a conference paper at ICLR 2023 Hotpot QA Prompts – Continued from previous page Observation 4 The High Plains are a subregion of the Great Plains. From east to west, the High Plains rise in elevation from around 1,800 to 7,000 ft (550 to 2,130 m).[3] Thought 5 High Plains rise in elevation from around 1,800 to 7,000 ft, so the answer is 1,800 to 7,000 ft. Action 5 Finish[1,800 to 7,000 ft] Question Musician and satirist Allie Goertz wrote a song about the ""The Simpsons"" character Milhouse, who Matt Groening named after who? Thought 1 The question simplifies to ""The Simpsons"" character Milhouse is named after who. I only need to search Milhouse and find who it is named after. Action 1 Search[Milhouse] Observation 1 Milhouse Mussolini Van Houten is a recurring character in the Fox animated television series The Simpsons voiced by Pamela Hayden and created by Matt Groening. Thought 2 The paragraph does not tell who Milhouse is named after, maybe I can look up ""named after""."
226	"d by Pamela Hayden and created by Matt Groening. Thought 2 The paragraph does not tell who Milhouse is named after, maybe I can look up ""named after"". Action 2 Lookup[named after] Observation 2 (Result 1 / 1) Milhouse was named after U.S. president Richard Nixon, whose middle name was Milhous. Thought 3 Milhouse was named after U.S. president Richard Nixon, so the answer is Richard Nixon. Action 3 Finish[Richard Nixon] Question Which documentary is about Finnish rock groups, Adam Clayton Powell or The Saimaa Gesture? Thought 1 I need to search Adam Clayton Powell and The Saimaa Gesture, and find which documentary is about Finnish rock groups. Action 1 Search[Adam Clayton Powell] Observation 1 Could not find [Adam Clayton Powell]. Similar: [’Adam Clayton Powell III’, ’Seventh Avenue (Manhattan)’, ’Adam Clayton Powell Jr. State Office Building’, ’Isabel Washington Powell’, ’Adam Powell’, ’Adam Clayton Powell (film)’, ’Giancarlo Esposito’]. Thought 2 To find the documentary, I can search"
227	ding’, ’Isabel Washington Powell’, ’Adam Powell’, ’Adam Clayton Powell (film)’, ’Giancarlo Esposito’]. Thought 2 To find the documentary, I can search Adam Clayton Powell (film). Action 2 Search[Adam Clayton Powell (film)] Observation 2 Adam Clayton Powell is a 1989 American documentary film directed by Richard Kilberg. The film is about the rise and fall of influential African-American politician Adam Clayton Powell Jr.[3][4] It was later aired as part of the PBS series The American Experience. Thought 3 Adam Clayton Powell (film) is a documentary about an African-American politician, not Finnish rock groups. So the documentary about Finnish rock groups must instead be The Saimaa Gesture. Action 3 Finish[The Saimaa Gesture] Question What profession does Nicholas Ray and Elia Kazan have in common? Thought 1 I need to search Nicholas Ray and Elia Kazan, find their professions, then find the profession they have in common. Action 1 Search[Nicholas Ray] Observation 1 Nicholas Ray (born
228	y and Elia Kazan, find their professions, then find the profession they have in common. Action 1 Search[Nicholas Ray] Observation 1 Nicholas Ray (born Raymond Nicholas Kienzle Jr., August 7, 1911 - June 16, 1979) was an American film director, screenwriter, and actor best known for the 1955 film Rebel Without a Cause. Thought 2 Professions of Nicholas Ray are director, screenwriter, and actor. I need to search Elia Kazan next and find his professions. Action 2 Search[Elia Kazan] Observation 2 Elia Kazan was an American film and theatre director, producer, screenwriter and actor. Thought 3 Professions of Elia Kazan are director, producer, screenwriter, and actor. So profession Nicholas Ray and Elia Kazan have in common is director, screenwriter, and actor. Action 3 Finish[director, screenwriter, actor] Question Which magazine was started first Arthur’s Magazine or First for Women? Thought 1 I need to search Arthur’s Magazine and First for Women, and find which was started first. Action
229	first Arthur’s Magazine or First for Women? Thought 1 I need to search Arthur’s Magazine and First for Women, and find which was started first. Action 1 Search[Arthur’s Magazine] Observation 1 Arthur’s Magazine (1844-1846) was an American literary periodical published in Philadelphia in the 19th century. Thought 2 Arthur’s Magazine was started in 1844. I need to search First for Women next. Action 2 Search[First for Women] Observation 2 First for Women is a woman’s magazine published by Bauer Media Group in the USA.[1] The magazine was started in 1989. Thought 3 First for Women was started in 1989. 1844 (Arthur’s Magazine) < 1989 (First for Women), so Arthur’s Magazine was started first. Action 3 Finish[Arthur’s Magazine] Question Were Pavel Urysohn and Leonid Levin known for the same type of work? Thought 1 I need to search Pavel Urysohn and Leonid Levin, find their types of work, then find if they are the same. Action 1 Search[Pavel Urysohn] Continued on next page 18
230	Published as a conference paper at ICLR 2023 Hotpot QA Prompts – Continued from previous page Observation 1 Pavel Samuilovich Urysohn (February 3, 1898 - August 17, 1924) was a Soviet mathematician who is best known for his contributions in dimension theory. Thought 2 Pavel Urysohn is a mathematician. I need to search Leonid Levin next and find its type of work. Action 2 Search[Leonid Levin] Observation 2 Leonid Anatolievich Levin is a Soviet-American mathematician and computer scientist. Thought 3 Leonid Levin is a mathematician and computer scientist. So Pavel Urysohn and Leonid Levin have the same type of work. Action 3 Finish[yes] 19
231	Published as a conference paper at ICLR 2023 C.2 F EVER FEVER Prompts Original Determine if there is Observation that SUPPORTS or REFUTES a Claim, or if there is NOT ENOUGH INFORMATION. Claim Nikolaj Coster-Waldau worked with the Fox Broadcasting Company. Answer SUPPORTS Claim Stranger Things is set in Bloomington, Indiana. Answer REFUTES Claim Beautiful reached number two on the Billboard Hot 100 in 2003. Answer NOT ENOUGH INFO Act Determine if there is Observation that SUPPORTS or REFUTES a Claim, or if there is NOT ENOUGH INFORMATION. Claim Nikolaj Coster-Waldau worked with the Fox Broadcasting Company. Action2 Search[Nikolaj Coster-Waldau] Observation 1 Nikolaj William Coster-Waldau (born 27 July 1970) is a Danish actor and producer. He graduated from the Danish National School of Performing Arts in Copenhagen in 1993,[1] and had his breakthrough role in Denmark with the film Nightwatch (1994). He played Jaime Lannister in the HBO fantasy drama series Game of Thrones, for which he
232	breakthrough role in Denmark with the film Nightwatch (1994). He played Jaime Lannister in the HBO fantasy drama series Game of Thrones, for which he received two Primetime Emmy Award nominations for Outstanding Supporting Actor in a Drama Series.. Coster-Waldau has appeared in numerous films in his native Denmark and Scandinavia, including Headhunters (2011) and A Thousand Times Good Night (2013). In the U.S, his debut film role was in the war film Black Hawk Down (2001), playing Medal of Honor recipient Gary Gordon.[2] He then played a detective in the short-lived Fox television series New Amsterdam (2008), and appeared in the 2009 Fox television film Virtuality, originally intended as a pilot. Action 2 Finish[SUPPORTS] Claim Stranger Things is set in Bloomington, Indiana. Action 1 Search[Stranger Things] Observation 1 Stranger Things is an American science fiction horror drama television series created by the Duffer Brothers. Set in the 1980s, primarily in the fictional town of
233	"ngs is an American science fiction horror drama television series created by the Duffer Brothers. Set in the 1980s, primarily in the fictional town of Hawkins, Indiana, the series centers on a number of mysteries and supernatural events occurring around the town and their impact on an ensemble of child and adult characters. Action 2 Finish[REFUTES] Claim Beautiful reached number two on the Billboard Hot 100 in 2003. Action 1 Search[Beautiful] Observation 1 Could not find [Beautiful]. Similar: [’Beautiful’, ’Beautiful, Beautiful’, ’A Beautiful Mind (film)’, ’Beautiful (Christina Aguilera song)’, ’Life Is Beautiful’]. Action 2 Search[Beautiful (Christina Aguilera song) Observation 2 ""Beautiful"" is a song recorded by American singer Christina Aguilera for her fourth studio album, Stripped (2002). Action 3 Lookup[Billboard Hot 100] Observation 3 (Result 1 / 3) The song peaked at number two on the Billboard Hot 100 in the United States, where it was certified Gold for 500,000 units"
234	bservation 3 (Result 1 / 3) The song peaked at number two on the Billboard Hot 100 in the United States, where it was certified Gold for 500,000 units shipped. Action 4 Finish[NOT ENOUGH INFO] CoT Determine if there is Observation that SUPPORTS or REFUTES a Claim, or if there is NOT ENOUGH INFORMATION. Claim Nikolaj Coster-Waldau worked with the Fox Broadcasting Company. Thought Nikolaj William Coster-Waldau appeared in the 2009 Fox television film Virtuality, so he has worked with the Fox Broadcasting Company. Answer SUPPORTS Claim Stranger Things is set in Bloomington, Indiana. Thought Stranger Things is in the fictional town of Hawkins, Indiana, not in Bloomington, Indiana. Answer REFUTES Continued on next page 20
235	Published as a conference paper at ICLR 2023 Fever Prompts – Continued from previous page Claim Beautiful reached number two on the Billboard Hot 100 in 2003. Thought The song peaked at number two on the Billboard Hot 100 in the United States, but not sure if it was in 2003. Answer NOT ENOUGH INFO ReAct Determine if there is Observation that SUPPORTS or REFUTES a Claim, or if there is NOT ENOUGH INFORMATION. Claim Nikolaj Coster-Waldau worked with the Fox Broadcasting Company. Thought 1 I need to search Nikolaj Coster-Waldau and find if he has worked with the Fox Broadcasting Company. Action 1 Search[Nikolaj Coster-Waldau] Observation 1 Nikolaj William Coster-Waldau (born 27 July 1970) is a Danish actor and producer. He graduated from the Danish National School of Performing Arts in Copenhagen in 1993,[1] and had his breakthrough role in Denmark with the film Nightwatch (1994). He played Jaime Lannister in the HBO fantasy drama series Game of Thrones, for which he received two
236	"role in Denmark with the film Nightwatch (1994). He played Jaime Lannister in the HBO fantasy drama series Game of Thrones, for which he received two Primetime Emmy Award nominations for Outstanding Supporting Actor in a Drama Series.. Coster-Waldau has appeared in numerous films in his native Denmark and Scandinavia, including Headhunters (2011) and A Thousand Times Good Night (2013). In the U.S, his debut film role was in the war film Black Hawk Down (2001), playing Medal of Honor recipient Gary Gordon.[2] He then played a detective in the short-lived Fox television series New Amsterdam (2008), and appeared in the 2009 Fox television film Virtuality, originally intended as a pilot. Thought 2 Because he ""appeared in the 2009 Fox television film Virtuality"", he should have worked with the Fox Broadcasting Company. Action 2 Finish[SUPPORTS] Claim Stranger Things is set in Bloomington, Indiana. Thought 1 I should search for Stranger Things, and see if it is set in Bloomington, Indiana."
237	"TS] Claim Stranger Things is set in Bloomington, Indiana. Thought 1 I should search for Stranger Things, and see if it is set in Bloomington, Indiana. Action 1 Search[Stranger Things] Observation 1 Stranger Things is an American science fiction horror drama television series created by the Duffer Brothers. Set in the 1980s, primarily in the fictional town of Hawkins, Indiana, the series centers on a number of mysteries and supernatural events occurring around the town and their impact on an ensemble of child and adult characters. Thought 2 The observation says that it is set in a ""fictional town of Hawkins, Indiana"", so it is not set in Bloomington. Action 2 Finish[REFUTES] Claim Beautiful reached number two on the Billboard Hot 100 in 2003. Thought 1 I need to search the song Beautiful and find if it reached number two on the Billboard Hot 100 in 2003. Action 1 Search[Beautiful] Observation 1 Could not find [Beautiful]. Similar: [’Beautiful’, ’Beautiful, Beautiful’, ’A Beautiful Mind"
238	"Hot 100 in 2003. Action 1 Search[Beautiful] Observation 1 Could not find [Beautiful]. Similar: [’Beautiful’, ’Beautiful, Beautiful’, ’A Beautiful Mind (film)’, ’Beautiful (Christina Aguilera song)’, ’Life Is Beautiful’]. Thought 2 From suggestions, I should search ""Beautiful (Christina Aguilera song)"" to find the song. Action 2 Search[Beautiful (Christina Aguilera song)] Observation 2 ""Beautiful"" is a song recorded by American singer Christina Aguilera for her fourth studio album, Stripped (2002). Thought 3 It does not mention Billboard, so I need to look up ""Billboard Hot 100"" to find if it reached number two on it in 2003. Action 3 Lookup[Billboard Hot 100] Observation 3 (Result 1 / 3) The song peaked at number two on the Billboard Hot 100 in the United States, where it was certified Gold for 500,000 units shipped. Thought 4 It only says the song peaked at number two on the Billboard Hot 100, but not if it was in 2003. I am not sure if this claim is true or not. Action 4 Finish[NOT"
239	ays the song peaked at number two on the Billboard Hot 100, but not if it was in 2003. I am not sure if this claim is true or not. Action 4 Finish[NOT ENOUGH INFO] 21
240	Published as a conference paper at ICLR 2023 C.3 W EBSHOP Table 6: Prompts used for the Webshop experiments in Section 4. We use the prompt on the left for Act, and use the prompt on the right (add reasoning) for ReAct. Instruction: i would like a 3 ounce bottle of bright citrus deodorant for sensitive skin, and price lower than 50.00 dollars Act ReAct Action: search [ 3 ounce bright citrus deodorant sensitive skin ] Observation:[ Back to Search ] Page 1 (Total results: 50)[ Next ] [ B078GWRC1J ] Bright Citrus Deodorant by Earth Mama | Natural and Safe for Sensitive Skin, Pregnancy and Breastfeeding, Contains Organic Calendula 3-Ounce $10.99[ B078GTKVXY ] Ginger Fresh Deodorant by Earth Mama | Natural and Safe for Sensitive Skin, Pregnancy and Breastfeeding, Contains Organic Calendula 3-Ounce $10.99[ B08KBVJ4XN ] Barrel and Oak - Aluminum-Free Deodorant, Deodorant for Men , Essential Oil-Based Scent, 24-Hour Odor Protection, Cedar & Patchouli Blend, Gentle on Sensitive Skin (Mountain
241	um-Free Deodorant, Deodorant for Men , Essential Oil-Based Scent, 24-Hour Odor Protection, Cedar & Patchouli Blend, Gentle on Sensitive Skin (Mountain Sage, 2.7 oz, 2-Pack) $15.95 Action: click [ B078GWRC1J ] Observation:[ Back to Search ] [ Prev ] scent [assorted scents][bright citrus][calming lavender][ginger [fresh] simply non-scents] size [travel set (4-pack)][3 ounce (pack of 1)][3-ounce (2 -pack)] Bright Citrus Deodorant by Earth Mama | Natural and Safe for Sensitive Skin, Pregnancy and Breastfeeding, Contains Organic Calendula 3-Ounce Price: $10.99 Rating: N.A. [Description] [Features] [Reviews] [Buy Now] Action: click[bright citrus] Observation: You have clicked bright citrus. Action: click[3 ounce (pack of 1)] Observation: You have clicked 3 ounce (pack of 1). Action: click[Buy Now] Action: search [ 3 ounce bright citrus deodorant sensitive skin Observation:[ Back to Search ] Page 1 (Total results: 50)[ Next ] [ B078GWRC1J ] Bright Citrus Deodorant by Earth Mama | Natural and
242	nt sensitive skin Observation:[ Back to Search ] Page 1 (Total results: 50)[ Next ] [ B078GWRC1J ] Bright Citrus Deodorant by Earth Mama | Natural and Safe for Sensitive Skin, Pregnancy and Breastfeeding, Contains Organic Calendula 3-Ounce $10.99[ B078GTKVXY ] Ginger Fresh Deodorant by Earth Mama | Natural and Safe for Sensitive Skin, Pregnancy and Breastfeeding, Contains Organic Calendula 3-Ounce $10.99[ B08KBVJ4XN ] Barrel and Oak - Aluminum-Free Deodorant, Deodorant for Men , Essential Oil-Based Scent, 24-Hour Odor Protection, Cedar & Patchouli Blend, Gentle on Sensitive Skin (Mountain Sage, 2.7 oz, 2-Pack) $15.95 Action: think[B078GWRC1J and B078GTKVXY are bright citrus deodorant less then 50 dollars. I can check B078GWRC1J ﬁrst. Observation: OK. Action: click [ B078GWRC1J ] Observation:[ Back to Search ] [ Prev ] scent [assorted scents][bright citrus][calming lavender][ginger [fresh] simply non-scents] size [travel set (4-pack)][3 ounce (pack of 1)][3-ounce (2 -pack)] Bright
243	d scents][bright citrus][calming lavender][ginger [fresh] simply non-scents] size [travel set (4-pack)][3 ounce (pack of 1)][3-ounce (2 -pack)] Bright Citrus Deodorant by Earth Mama | Natural and Safe for Sensitive Skin, Pregnancy and Breastfeeding, Contains Organic Calendula 3-Ounce Price: $10.99 Rating: N.A. [Description] [Features] [Reviews] [Buy Now] Action: think[For 3 ounce bottle of bright citrus deodorant for sensitive skin, the item has options ’bright citrus’ and ’3 ounce (pack of 1)’ and seems good to buy.] Observation: OK. Action: click[bright citrus] Observation: You have clicked bright citrus. Action: click[3 ounce (pack of 1)] Observation: You have clicked 3 ounce (pack of 1). Action: click[Buy Now] 22
244	Published as a conference paper at ICLR 2023 C.4 ALFW ORLD Table 7: An Act prompt on the ALFWorld clean task. No thoughts are provided. You are in the middle of a room. Looking quickly around you, you see a cabinet 13, a cabinet 12, a cabinet 11, a cabinet 10, a cabinet 9, a cabinet 8, a cabinet 7, a cabinet 6, a cabinet 5, a cabinet 4, a cabinet 3, a cabinet 2, a cabinet 1, a coffeemachine 1, a countertop 1, a diningtable 1, a drawer 1, a fridge 1, a garbagecan 1, a microwave 1, a shelf 3, a shelf 2, a shelf 1, a sinkbasin 1, a stoveburner 4, a stoveburner 3, a stoveburner 2, a stoveburner 1, and a toaster 1. Your task is to: put a clean lettuce in diningtable. > go to fridge 1 The fridge 1 is closed. > open fridge 1 You open the fridge 1. The fridge 1 is open. In it, you see a cup 3, a egg 2, a potato 3, and a potato 2. > go to diningtable 1 On the diningtable 1, you see a apple 1, a bread 1, a butterknife 2, a cup 2, a fork 2, a knife 2, a knife 1, a ladle 1, a lettuce 1, a mug 2,
245	table 1 On the diningtable 1, you see a apple 1, a bread 1, a butterknife 2, a cup 2, a fork 2, a knife 2, a knife 1, a ladle 1, a lettuce 1, a mug 2, a mug 1, a pan 2, a peppershaker 1, a spatula 3, a tomato 2, and a tomato 1. > take lettuce 1 from diningtable 1 You pick up the lettuce 1 from the diningtable 1. > go to sinkbasin 1 On the sinkbasin 1, you see a apple 2, a ladle 2, a spoon 1, and a tomato 3. > clean lettuce 1 with sinkbasin 1 You clean the lettuce 1 using the sinkbasin 1. > think: Now I clean a lettuce (1). Next, I need to put it in/on diningtable 1. OK. > go to diningtable 1 On the diningtable 1, you see a apple 1, a bread 1, a butterknife 2, a cup 2, a fork 2, a knife 2, a knife 1, a ladle 1, a mug 2, a mug 1, a pan 2, a peppershaker 1, a spatula 3, a tomato 2, and a tomato 1. > put lettuce 1 in/on diningtable 1 You put the lettuce 1 in/on the diningtable 1. 23
246	Published as a conference paper at ICLR 2023 Table 8: An ReAct prompt on the ALFWorld clean task. You are in the middle of a room. Looking quickly around you, you see a cabinet 13, a cabinet 12, a cabinet 11, a cabinet 10, a cabinet 9, a cabinet 8, a cabinet 7, a cabinet 6, a cabinet 5, a cabinet 4, a cabinet 3, a cabinet 2, a cabinet 1, a coffeemachine 1, a countertop 1, a diningtable 1, a drawer 1, a fridge 1, a garbagecan 1, a microwave 1, a shelf 3, a shelf 2, a shelf 1, a sinkbasin 1, a stoveburner 4, a stoveburner 3, a stoveburner 2, a stoveburner 1, and a toaster 1. Your task is to: put a clean lettuce in diningtable. > think: To solve the task, I need to find and take a lettuce, then clean it with sinkbasin, then put it in diningtable. OK. > think: First I need to find a lettuce. A lettuce is more likely to appear in fridge (1), diningtable (1), sinkbasin (1), stoveburner (1-3), cabinet (1-13). I can check one by one, starting with fridge 1. OK. > go to fridge 1 The fridge 1
247	, diningtable (1), sinkbasin (1), stoveburner (1-3), cabinet (1-13). I can check one by one, starting with fridge 1. OK. > go to fridge 1 The fridge 1 is closed. > open fridge 1 You open the fridge 1. The fridge 1 is open. In it, you see a cup 3, a egg 2, a potato 3, and a potato 2. > go to diningtable 1 On the diningtable 1, you see a apple 1, a bread 1, a butterknife 2, a cup 2, a fork 2, a knife 2, a knife 1, a ladle 1, a lettuce 1, a mug 2, a mug 1, a pan 2, a peppershaker 1, a spatula 3, a tomato 2, and a tomato 1. > think: Now I find a lettuce (1). Next, I need to take it. OK. > take lettuce 1 from diningtable 1 You pick up the lettuce 1 from the diningtable 1. > think: Now I take a lettuce (1). Next, I need to go to sinkbasin (1) and clean it. OK. > go to sinkbasin 1 On the sinkbasin 1, you see a apple 2, a ladle 2, a spoon 1, and a tomato 3. > clean lettuce 1 with sinkbasin 1 You clean the lettuce 1 using the sinkbasin 1. > think: Now I clean a lettuce (1). Next, I need to put
248	a tomato 3. > clean lettuce 1 with sinkbasin 1 You clean the lettuce 1 using the sinkbasin 1. > think: Now I clean a lettuce (1). Next, I need to put it in/on diningtable 1. OK. > go to diningtable 1 On the diningtable 1, you see a apple 1, a bread 1, a butterknife 2, a cup 2, a fork 2, a knife 2, a knife 1, a ladle 1, a mug 2, a mug 1, a pan 2, a peppershaker 1, a spatula 3, a tomato 2, and a tomato 1. > put lettuce 1 in/on diningtable 1 You put the lettuce 1 in/on the diningtable 1. 24
249	Published as a conference paper at ICLR 2023 Table 9: An ReAct-IM prompt on the ALFWorld clean task. You are in the middle of a room. Looking quickly around you, you see a cabinet 13, a cabinet 12, a cabinet 11, a cabinet 10, a cabinet 9, a cabinet 8, a cabinet 7, a cabinet 6, a cabinet 5, a cabinet 4, a cabinet 3, a cabinet 2, a cabinet 1, a coffeemachine 1, a countertop 1, a diningtable 1, a drawer 1, a fridge 1, a garbagecan 1, a microwave 1, a shelf 3, a shelf 2, a shelf 1, a sinkbasin 1, a stoveburner 4, a stoveburner 3, a stoveburner 2, a stoveburner 1, and a toaster 1. Your task is to: put a clean lettuce in diningtable. > think: To solve the task, I need to find and take a lettuce, then clean it with sinkbasin, then put it in diningtable. OK. > think: First I need to find a lettuce. OK. > go to fridge 1 The fridge 1 is closed. > think: First I need to find a lettuce. OK. > open fridge 1 You open the fridge 1. The fridge 1 is open. In it, you see a cup 3, a egg 2, a potato 3,
250	> think: First I need to find a lettuce. OK. > open fridge 1 You open the fridge 1. The fridge 1 is open. In it, you see a cup 3, a egg 2, a potato 3, and a potato 2. > think: First I need to find a lettuce. OK. > go to diningtable 1 On the diningtable 1, you see a apple 1, a bread 1, a butterknife 2, a cup 2, a fork 2, a knife 2, a knife 1, a ladle 1, a lettuce 1, a mug 2, a mug 1, a pan 2, a peppershaker 1, a spatula 3, a tomato 2, and a tomato 1. > think: First I need to find a lettuce. OK. > take lettuce 1 from diningtable 1 You pick up the lettuce 1 from the diningtable 1. > think: I need to clean this lettuce (1) using sinkbasin 1. OK. > go to sinkbasin 1 On the sinkbasin 1, you see a apple 2, a ladle 2, a spoon 1, and a tomato 3. > think: I need to clean this lettuce (1) using sinkbasin 1. OK. > clean lettuce 1 with sinkbasin 1 You clean the lettuce 1 using the sinkbasin 1. > think: I need to put this cleaned lettuce (1) in/on diningtable 1. OK. > go to diningtable 1 On the
251	1 You clean the lettuce 1 using the sinkbasin 1. > think: I need to put this cleaned lettuce (1) in/on diningtable 1. OK. > go to diningtable 1 On the diningtable 1, you see a apple 1, a bread 1, a butterknife 2, a cup 2, a fork 2, a knife 2, a knife 1, a ladle 1, a mug 2, a mug 1, a pan 2, a peppershaker 1, a spatula 3, a tomato 2, and a tomato 1. > think: I need to put this cleaned lettuce (1) in/on diningtable 1. OK. > put lettuce 1 in/on diningtable 1 You put the lettuce 1 in/on the diningtable 1. D T RAJECTORIES D.1 FEVER T RAJECTORIES We provide some trajectories produced by ReAct, CoTand Acton several randomly selected exam- ples from the FEVER dev set below. Search results are omitted to space. 25
252	Published as a conference paper at ICLR 2023 Example 2491 (gt: REFUTES) ReAct Claim: Bermuda Triangle is a loosely-defined region in the Pacific Ocean. Thought 1: I need to search Bermuda Triangle and find if it is in the Pacific Ocean. Action 1: Search[Bermuda Triangle] Observation 1: Reportedly haunted locations... Thought 2: The observation says that it is in the western part of the North Atlantic Ocean, so it is not in the Pacific Ocean. Action 2: Finish[REFUTES] Observation 2: Episode finished Act Claim: Bermuda Triangle is a loosely-defined region in the Pacific Ocean. Action 1 : Search[Bermuda Triangle] Observation 1 : Reportedly haunted locations:... Action 2: Finish[REFUTES] Observation 2: Episode finished CoT Claim: Bermuda Triangle is a loosely-defined region in the Pacific Ocean. Thought: Let’s think step by step. The Bermuda Triangle is a loosely-defined region in the Atlantic Ocean. The Pacific Ocean is not the Atlantic Ocean. Answer: REFUTES Example 5908 (gt: SUPPORTS)
253	a Triangle is a loosely-defined region in the Atlantic Ocean. The Pacific Ocean is not the Atlantic Ocean. Answer: REFUTES Example 5908 (gt: SUPPORTS) ReAct Claim: Princess Mononoke is a film. Thought 1: I need to search Princess Mononoke and find if it is a film. Action 1: Search[Princess Mononoke] Observation 1: Princess Mononoke ... Thought 2: From the observation, it says that Princess Mononoke is a film. Action 2: Finish[SUPPORTS] Observation 2: Episode finished Act Claim: Princess Mononoke is a film. Action 1: Search[Princess Mononoke] Observation 1: Princess Mononoke ... Action 2: Finish[SUPPORTS] Observation 2: Episode finished CoT Claim: Princess Mononoke is a film. Thought: Let’s think step by step. Princess Mononoke is a movie, and movies are films. Answer: SUPPORTS Example 1951 (gt: REFUTES) ReAct Claim: Soyuz was part of the American space program. Thought 1: I need to search Soyuz and find if it was part of the American space program. Action 1: Search[Soyuz] Observation
254	"e American space program. Thought 1: I need to search Soyuz and find if it was part of the American space program. Action 1: Search[Soyuz] Observation 1: Soyuz is a transliteration... Thought 2: It does not mention the American space program, so I need to search ""American space program"" to find if it was part of it. Action 2: Search[American space program] Observation 2: The space policy... Thought 3: It does not mention Soyuz, so I am not sure if this claim is true or not. Action 3: Finish[NOT ENOUGH INFO] Observation 3: Episode finished Act Claim: Soyuz was part of the American space program. Action 1: Search[Soyuz] Observation 1: Soyuz is a transliteration... Action 2: Finish[NOT ENOUGH INFO] Observation 2: Episode finished CoT Claim: Soyuz was part of the American space program. Thought: Let’s think step by step. Soyuz is a Russian spacecraft. The American space program is NASA. NASA and Russia have worked together on the International Space Station. Answer: SUPPORTS 26"
255	Published as a conference paper at ICLR 2023 Example 3208 (gt: REFUTES) ReAct Claim: Reign Over Me is an American film made in 2010. Thought 1: I need to search for Reign Over Me and find if it is an American film made in 2010. Action 1: Search[Reign Over Me] Observation 1: Reign Over Me ... Thought 2: The observation says that it is an American film made in 2007, so it is not made in 2010. Action 2: Finish[REFUTES] Observation 2: Episode finished Act Claim: Reign Over Me is an American film made in 2010. Action 1: Search[Reign Over Me] Action 2: Finish[SUPPORTS] Observation 2: Episode finished CoT Claim: Reign Over Me is an American film made in 2010. Thought: Let’s think step by step. First, is Reign Over Me an American film? Yes, it is. Second, was it made in 2010? Yes, it was. Answer: SUPPORTS D.2 ALFW ORLD TRAJECTORIES We provide an example trajectory of ReAct, Act, and ReAct-IM on the same ALFWorld game, pick_clean_then_place_in_recep-Knife-None-CounterTop-10/
256	ORIES We provide an example trajectory of ReAct, Act, and ReAct-IM on the same ALFWorld game, pick_clean_then_place_in_recep-Knife-None-CounterTop-10/ trial_T20190909_110445_675754. D.2.1 REAC T TRAJECTORY ReAct is able to correctly ﬁnd the knife, clean it, and then place it on a countertop. 27
257	Published as a conference paper at ICLR 2023 ReAct ALFWorld trajectory You are in the middle of a room. Looking quickly around you, you see a cabinet 6, a cabinet 5, a cabinet 4, a cabinet 3, a cabinet 2, a cabinet 1, a coffeemachine 1, a countertop 3, a countertop 2, a countertop 1, a drawer 3, a drawer 2, a drawer 1, a fridge 1, a garbagecan 1, a microwave 1, a shelf 3, a shelf 2, a shelf 1, a sinkbasin 1, a stoveburner 4, a stoveburner 3, a stoveburner 2, a stoveburner 1, and a toaster 1. Your task is to: put a clean knife in countertop. > think: To solve the task, I need to find and take a knife, then clean it with sinkbasin, then put it in countertop. OK. > think: First I need to find a knife. A knife is more likely to appear in cabinet (1-6), drawer (1-3), countertop (1-3), fridge (1), garbagecan (1), shelf (1-3), sinkbasin (1), stoveburner (1-4), toaster (1). I can check one by one, starting with cabinet 1. OK. > go to cabinet 1 On the cabinet 1, you see a bowl 1. > go to
258	1), stoveburner (1-4), toaster (1). I can check one by one, starting with cabinet 1. OK. > go to cabinet 1 On the cabinet 1, you see a bowl 1. > go to cabinet 2 The cabinet 2 is closed. > go to cabinet 3 On the cabinet 3, you see a glassbottle 1. > go to cabinet 4 On the cabinet 4, you see a mug 1. > go to cabinet 5 The cabinet 5 is closed. > go to cabinet 6 The cabinet 6 is closed. > go to drawer 1 The drawer 1 is closed. > go to drawer 2 The drawer 2 is closed. > go to drawer 3 The drawer 3 is closed. > go to countertop 1 On the countertop 1, you see a lettuce 2, a mug 2, a peppershaker 1, and a spoon 2. > go to countertop 2 On the countertop 2, you see a cup 1, a dishsponge 1, a glassbottle 3, a knife 1, a plate 2, a potato 3, and a statue 1. > think: Now I find a knife (1). Next, I need to take it. OK. > take knife 1 from countertop 2 You pick up the knife 1 from the countertop 2. > think: Now I take a knife (1). Next, I need to go to sinkbasin (1) and clean it. OK. > go to
259	tertop 2 You pick up the knife 1 from the countertop 2. > think: Now I take a knife (1). Next, I need to go to sinkbasin (1) and clean it. OK. > go to sinkbasin 1 On the sinkbasin 1, you see a fork 3, a lettuce 3, and a spatula 2. > clean knife 1 with sinkbasin 1 You clean the knife 1 using the sinkbasin 1. > think: Now I clean a knife (1). Next, I need to put it in/on countertop 1. OK. > go to countertop 1 On the countertop 1, you see a lettuce 2, a mug 2, a peppershaker 1, and a spoon 2. > put knife 1 in/on countertop 1 You put the knife 1 in/on the countertop 1. D.2.2 AC T TRAJECTORY Act is able to correctly ﬁnd the knife, but tries to clean it using a sinkbasin before actually going to the sinkbasin. From there on, the model is unable to recover, and is stuck repeating the same sequence of commands. With ReAct, an existing thought would have concretely identiﬁed that the knife had been taken, and that the next subgoal was to go to a sinkbasin to clean it. 28
260	Published as a conference paper at ICLR 2023 Act ALFWorld trajectory You are in the middle of a room. Looking quickly around you, you see a cabinet 6, a cabinet 5, a cabinet 4, a cabinet 3, a cabinet 2, a cabinet 1, a coffeemachine 1, a countertop 3, a countertop 2, a countertop 1, a drawer 3, a drawer 2, a drawer 1, a fridge 1, a garbagecan 1, a microwave 1, a shelf 3, a shelf 2, a shelf 1, a sinkbasin 1, a stoveburner 4, a stoveburner 3, a stoveburner 2, a stoveburner 1, and a toaster 1. Your task is to: put a clean knife in countertop. > go to countertop 1 On the countertop 1, you see a lettuce 2, a mug 2, a peppershaker 1, and a spoon 2. > go to countertop 2 On the countertop 2, you see a cup 1, a dishsponge 1, a glassbottle 3, a knife 1, a plate 2, a potato 3, and a statue 1. > take knife 1 from countertop 2 You pick up the knife 1 from the countertop 2. > go to countertop 1 On the countertop 1, you see a lettuce 2, a mug 2, a peppershaker 1, and a spoon 2. > clean knife 1 with
261	1 from the countertop 2. > go to countertop 1 On the countertop 1, you see a lettuce 2, a mug 2, a peppershaker 1, and a spoon 2. > clean knife 1 with sinkbasin 1 Nothing happens. > go to countertop 3 On the countertop 3, you see a bread 3, a butterknife 2, a cellphone 1, a creditcard 1, a fork 2, a houseplant 1, a knife 2, a spatula 1, a statue 3, a tomato 3, a tomato 2, a tomato 1, and a vase 2. > take knife 2 from countertop 3 Nothing happens. > go to countertop 2 On the countertop 2, you see a cup 1, a dishsponge 1, a glassbottle 3, a plate 2, a potato 3, and a statue 1. > take knife 1 from countertop 2 Nothing happens. > go to countertop 1 On the countertop 1, you see a lettuce 2, a mug 2, a peppershaker 1, and a spoon 2. > clean knife 1 with sinkbasin 1 Nothing happens. > go to countertop 3 On the countertop 3, you see a bread 3, a butterknife 2, a cellphone 1, a creditcard 1, a fork 2, a houseplant 1, a knife 2, a spatula 1, a statue 3, a tomato 3, a tomato 2, a tomato 1, and a
262	butterknife 2, a cellphone 1, a creditcard 1, a fork 2, a houseplant 1, a knife 2, a spatula 1, a statue 3, a tomato 3, a tomato 2, a tomato 1, and a vase 2. > take knife 2 from countertop 3 Nothing happens. > go to countertop 2 On the countertop 2, you see a cup 1, a dishsponge 1, a glassbottle 3, a plate 2, a potato 3, and a statue 1. > take knife 1 from countertop 2 Nothing happens. > go to countertop 1 On the countertop 1, you see a lettuce 2, a mug 2, a peppershaker 1, and a spoon 2. > clean knife 1 with sinkbasin 1 Nothing happens. > go to countertop 3 On the countertop 3, you see a bread 3, a butterknife 2, a cellphone 1, a creditcard 1, a fork 2, a houseplant 1, a knife 2, a spatula 1, a statue 3, a tomato 3, a tomato 2, a tomato 1, and a vase 2. > take knife 2 from countertop 3 Nothing happens. > go to countertop 2 On the countertop 2, you see a cup 1, a dishsponge 1, a glassbottle 3, a plate 2, a potato 3, and a statue 1. > take knife 1 from countertop 2 Nothing happens. >
263	tertop 2, you see a cup 1, a dishsponge 1, a glassbottle 3, a plate 2, a potato 3, and a statue 1. > take knife 1 from countertop 2 Nothing happens. > go to countertop 1 On the countertop 1, you see a lettuce 2, a mug 2, a peppershaker 1, and a spoon 2. > clean knife 1 with sinkbasin 1 Nothing happens. D.2.3 REAC T-IM TRAJECTORY ReAct-IM is able to correctly ﬁnd the knife, but is unable to clean it as well. The LLM then gets stuck trying to place this knife on a countertop. One possible issue is the incorrect thought think: I need to find a clean knife. , which seems to trick the LLM in believing that the knife is already cleaned. In ReAct, this sequence of subgoals would be concretely captured by each thought. 29
264	Published as a conference paper at ICLR 2023 ReAct-IM ALFWorld trajectory You are in the middle of a room. Looking quickly around you, you see a cabinet 6, a cabinet 5, a cabinet 4, a cabinet 3, a cabinet 2, a cabinet 1, a coffeemachine 1, a countertop 3, a countertop 2, a countertop 1, a drawer 3, a drawer 2, a drawer 1, a fridge 1, a garbagecan 1, a microwave 1, a shelf 3, a shelf 2, a shelf 1, a sinkbasin 1, a stoveburner 4, a stoveburner 3, a stoveburner 2, a stoveburner 1, and a toaster 1. Your task is to: put a clean knife in countertop. > think: To solve the task, I need to find and take a clean knife, then put it in countertop. OK. > think: I need to find a clean knife. OK. > go to countertop 1 On the countertop 1, you see a lettuce 2, a mug 2, a peppershaker 1, and a spoon 2. > think: I need to find a clean knife. OK. > go to countertop 2 On the countertop 2, you see a cup 1, a dishsponge 1, a glassbottle 3, a knife 1, a plate 2, a potato 3, and a statue 1. > think: I need to
265	untertop 2 On the countertop 2, you see a cup 1, a dishsponge 1, a glassbottle 3, a knife 1, a plate 2, a potato 3, and a statue 1. > think: I need to find a clean knife. OK. > take knife 1 from countertop 2 You pick up the knife 1 from the countertop 2. > think: I need to put this knife (1) in/on countertop 1. OK. > go to countertop 1 On the countertop 1, you see a lettuce 2, a mug 2, a peppershaker 1, and a spoon 2. > think: I need to put this knife (1) in/on countertop 1. OK. > put knife 1 in/on countertop 1 You put the knife 1 in/on the countertop 1. > think: I need to put this knife (1) in/on countertop 1. OK. > put knife 1 in/on countertop 1 Nothing happens. > think: I need to put this knife (1) in/on countertop 1. OK. > put knife 1 in/on countertop 1 Nothing happens. > think: I need to put this knife (1) in/on countertop 1. OK. > put knife 1 in/on countertop 1 Nothing happens. > think: I need to put this knife (1) in/on countertop 1. OK. > put knife 1 in/on countertop 1 Nothing
266	put knife 1 in/on countertop 1 Nothing happens. > think: I need to put this knife (1) in/on countertop 1. OK. > put knife 1 in/on countertop 1 Nothing happens. > think: I need to put this knife (1) in/on countertop 1. OK. > put knife 1 in/on countertop 1 Nothing happens. > think: I need to put this knife (1) in/on countertop 1. OK. 30
267	Published as a conference paper at ICLR 2023 D.3 W EBSHOP TRAJECTORIES Table 10: Example trajectories for Webshop predicted by Act and ReAct. Compared to Act, ReAct uses reasoning to ﬁnd products that satisfy all target attributes. Instruction: get me a sixteen pack of apple cinnamon freeze dried banana chips, and price lower than 50.00 dollars Act ReAct Action: search [ sixteen pack apple cinnamon freeze dried banana chips ] Observation:[ Back to Search ] Page 1 (Total results: 50)[ Next ] [ B0061IVFZE ] Brothers-ALL-Natural Fruit Crisps, Strawberry Banana, 0.42 - Ounce (Pack of 100) $85.0[ B096H2P6G2 ] Moon Fruit Freeze Dried Fruit Snacks. Fruit Snacks for Kids - (Variety Pack) $18.99[ B092JLLYK6 ] Nature’s Turn Freeze-Dried Fruit Snacks - Banana Crisps - Perfect For School Lunches or an On-The-Go Snack - No Sugar Added, Non GMO, Gluten Free, Nothing Artiﬁcial (0.53oz) 6-Pack $12.99 Action: click [ B0061IVFZE ] Observation:[ Back to Search ] [ Prev ] ﬂavor name [asian
268	Non GMO, Gluten Free, Nothing Artiﬁcial (0.53oz) 6-Pack $12.99 Action: click [ B0061IVFZE ] Observation:[ Back to Search ] [ Prev ] ﬂavor name [asian pear][banana][fuji apple & cinnamon][strawberry banana] Brothers-ALL-Natural Fruit Crisps, Strawberry Banana, 0.42 Ounce (Pack of 100) Price: $85.0 Rating: N.A. [Description] [Features] [Reviews] [Buy Now] Action: click[Buy Now] Action: search [ sixteen pack apple cinnamon freeze dried banana chips ] Observation:[ Back to Search ] Page 1 (Total results: 50)[ Next ] [ B0061IVFZE ] Brothers-ALL-Natural Fruit Crisps, Strawberry Banana, 0.42 - Ounce (Pack of 100) $85.0[ B096H2P6G2 ] Moon Fruit Freeze Dried Fruit Snacks. Fruit Snacks for Kids - (Variety Pack) $18.99[ B092JLLYK6 ] Nature’s Turn Freeze-Dried Fruit Snacks - Banana Crisps - Perfect For School Lunches or an On-The-Go Snack - No Sugar Added, Non GMO, Gluten Free, Nothing Artiﬁcial (0.53oz) 6-Pack $12.99 Action: think[B0061IVFZE is strawberry banana, not apple cinnamon. B096H2P6G2
269	ar Added, Non GMO, Gluten Free, Nothing Artiﬁcial (0.53oz) 6-Pack $12.99 Action: think[B0061IVFZE is strawberry banana, not apple cinnamon. B096H2P6G2 is fruit snacks, not freeze dried banana chips. B092JLLYK6 is banana crisps, not apple cinnamon. I can check B092JLLYK6 ﬁrst. Observation: OK. Action: click [ B092JLLYK6 ] Observation:[ Back to Search ] [ Prev ] ﬂavor name [apple][apple cinnamon][banana][cantaloupe][peach][pear] [strawberry][strawberry banana][sampler variety pack][mega variety pack][orchard variety pack] size [0.53 ounce (pack of 6)][0.53 ounce (pack of 8)][0.53 ounce (pack of 16)] Nature’s Turn Freeze-Dried Fruit Snacks - Banana Crisps - Perfect For School Lunches or an On-The-Go Snack - No Sugar Added, Non GMO, Gluten Free, Nothing Artiﬁcial (0.53oz) 6-Pack Price: $12.99 Rating: N.A. [Description] [Features] [Reviews] [Buy Now] Action: think[For sixteen pack of apple cinnamon freeze dried banana chips, the item has options ’apple cinnamon’ and ’0.53 ounce (pack of
270	] [Buy Now] Action: think[For sixteen pack of apple cinnamon freeze dried banana chips, the item has options ’apple cinnamon’ and ’0.53 ounce (pack of 16)’ and seems good to buy.] Observation: OK. Action: click[apple cinnamon] Observation: You have clicked apple cinnamon. Action: click[0.53 ounce (pack of 16)] Observation: You have clicked 0.53 ounce (pack of 16). Action: click[Buy Now] Score: 0.125 Score: 1.0 31
271	Published as a conference paper at ICLR 2023 E M ORE ANALYSIS E.1 S UCCESS AND FAILURE MODES ANALYSIS We provide some examples corresponding to the success and error mode analysis given in Sec. 3.3. Search results and non-representative steps are omitted to reduce space. Success: True positive ReAct Question: Author David Chanoff has collaborated with a U.S. Navy admiral who served as the ambassador to the United Kingdom under which President? Thought 1: I need to search David Chanoff and find the U.S. Navy admiral he collaborated with. Action 1: Search[David Chanoff] Observation 1: David Chanoff is a noted author... Action 2: Search[William J. Crowe] Observation 2: William J. Crowe is... Thought 3: William J. Crowe served as the ambassador to the United Kingdom under President Bill Clinton. So the answer is Bill Clinton. Action 3: Finish[Bill Clinton] Observation 3: Episode finished CoT Question: What was the name of the team that represented an Arizona university in the conference
272	ish[Bill Clinton] Observation 3: Episode finished CoT Question: What was the name of the team that represented an Arizona university in the conference that covers a broad expanse of the western United States, including Arizona, California, and New Mexico? Thought: Let’s think step by step. The name of the team that represented an Arizona university in the conference that covers a broad expanse of the western United States, including Arizona, California, and New Mexico is Arizona State Sun Devils. Answer: Arizona State Sun Devils Success: False positive ReAct Question: Did the board game San Marco or About Time come out first? Thought 1: I need to search San Marco and About Time, and find which came out first. Action 1: Search[San Marco] Observation 1: San Marco is one of the ... The was built in venice. Thought 2: San Marco is a sestiere of Venice. I need to search About Time next. Action 2: Search[About Time] Observation 2: Could not find [About Time]. Similar: [...]. Thought 3:
273	tiere of Venice. I need to search About Time next. Action 2: Search[About Time] Observation 2: Could not find [About Time]. Similar: [...]. Thought 3: About Time is a 2013 film. So San Marco came out first. Action 3: Finish[San Marco] Observation 3: Episode finished CoT Question: Was Vanderbilt University or Emory University founded first? Thought: Let’s think step by step. Vanderbilt University was founded in 1873. Emory University was founded in 1836. 1873 (Vanderbilt University) > 1836 (Emory University), so Vanderbilt University was founded first. Answer: Emory University Failure: Reasoning error ReAct Question: What was the middle name of the actress who was cast alongside Harvey Fierstein, Linda Hart, Dick Latessa, Clarke Thorell, Mary Bond Davis, Laura Bell Bundy, Matthew Morrison, Corey Reynolds, and Marissa Jaret Winokur in Hairspray? Thought 1: I need to search Harvey Fierstein, Linda Hart, Dick Latessa, Clarke Thorell, Mary Bond Davis, Laura Bell Bundy, Matthew Morrison,
274	airspray? Thought 1: I need to search Harvey Fierstein, Linda Hart, Dick Latessa, Clarke Thorell, Mary Bond Davis, Laura Bell Bundy, Matthew Morrison, Corey Reynolds, and Marissa Jaret Winokur, find the actress that was cast alongside them in Hairspray, then find its middle name. Action 1: Search[Harvey Fierstein] Observation 1: Harvey Forbes Fierstein ... Thought 2: Harvey Fierstein is an actor, playwright, and screenwriter. I need to search Linda Hart next... Action 2: Search[Linda Hart]... CoT Question: Who is older Danny Green or James Worthy? Thought: Let’s think step by step. Danny Green was born in 1987. James Worthy was born in 1961. 1987 (Danny Green) > 1961 (James Worthy), so Danny Green is older. Answer: Danny Green 32
275	Published as a conference paper at ICLR 2023 Failure: Search error ReAct Question: What does the goddess associated with the goddess frigg consists of what tales? Thought 1: I need to search goddess frigg and find its associated goddess. Action 1: Search[goddess frigg] Observation 1: Could not find goddess frigg. Similar: [’Frigg’, ’Frigg and Freyja common origin hypothesis’, ’Freyja (section Relation to Frigg and other goddesses and figures)’, ’Eir (redirect from Eir (goddess))’, ’Baldr’]. Thought 2: I need to search Frigg instead... Failure: Hallucination CoT Question: What was the first year a scientific journal published by an organization located in the Bronx was published? Thought: Let’s think step by step. The first year a scientific journal published by an organization located in the Bronx was published was 1916. Answer: 1916 (Label: 1909) Failure: Label ambiguity ReAct Question: What nationality is the man who developed the dictator game? Thought 1: I need to search dictator
276	abel: 1909) Failure: Label ambiguity ReAct Question: What nationality is the man who developed the dictator game? Thought 1: I need to search dictator game, find the man who developed it, then find his nationality. Action 1: Search[dictator game] Observation 1: The dictator game is a popular experimental instrument in social psychology and economics... Action 3: Search[Amos Tversky] Observation 3: Amos Nathan Tversky... Thought 4: Amos Tversky is an Israeli cognitive and mathematical psychologist. So the man who developed the dictator game is Israeli. Action 4: Finish[Israeli] (label: Israel-American) CoT Question: Kurt Fuller from Stockton, CA appeared in which American Detective Comedy Drama television series created by Steve Franks? Thought: Let’s think step by step. Kurt Fuller from Stockton, CA appeared in Psych. Psych is an American Detective Comedy Drama television series created by Steve Franks. Answer: Psych (label: Psych is an American detective comedy-drama) 33
277	Preprint. SELF -RAG: L EARNING TO RETRIEVE , G ENERATE , AND CRITIQUE THROUGH SELF -R EFLECTION Akari Asai†, Zeqiu Wu†, Yizhong Wang†§, Avirup Sil‡, Hannaneh Hajishirzi†§ †University of Washington §Allen Institute for AI ‡IBM Research AI {akari,zeqiuwu,yizhongw,hannaneh}@cs.washington.edu, avi@us.ibm.com ABSTRACT Despite their remarkable capabilities, large language models (LLMs) often produce responses containing factual inaccuracies due to their sole reliance on the paramet- ric knowledge they encapsulate. Retrieval-Augmented Generation (RAG), an ad hoc approach that augments LMs with retrieval of relevant knowledge, decreases such issues. However, indiscriminately retrieving and incorporating a fixed number of retrieved passages, regardless of whether retrieval is necessary, or passages are relevant, diminishes LM versatility or can lead to unhelpful response generation. We introduce a new framework called Self-Reflective Retrieval-Augmented Gen- eration (SELF -R AG) that enhances
278	lead to unhelpful response generation. We introduce a new framework called Self-Reflective Retrieval-Augmented Gen- eration (SELF -R AG) that enhances an LM’s quality and factuality through retrieval and self-reflection. Our framework trains a single arbitrary LM that adaptively retrieves passages on-demand, and generates and reflects on retrieved passages and its own generations using special tokens, called reflection tokens. Generating reflection tokens makes the LM controllable during the inference phase, enabling it to tailor its behavior to diverse task requirements. Experiments show that SELF - RAG (7B and 13B parameters) significantly outperforms state-of-the-art LLMs and retrieval-augmented models on a diverse set of tasks. Specifically, SELF -RAG outperforms ChatGPT and retrieval-augmented Llama2-chat on Open-domain QA, reasoning and fact verification tasks, and it shows significant gains in improving factuality and citation accuracy for long-form generations relative to
279	soning and fact verification tasks, and it shows significant gains in improving factuality and citation accuracy for long-form generations relative to these models.1 1 I NTRODUCTION State-of-the-art LLMs continue to struggle with factual errors (Mallen et al., 2023; Min et al., 2023) despite their increased model and data scale (Ouyang et al., 2022). Retrieval-Augmented Generation (RAG) methods (Figure 1 left; Lewis et al. 2020; Guu et al. 2020) augment the input of LLMs with relevant retrieved passages, reducing factual errors in knowledge-intensive tasks (Ram et al., 2023; Asai et al., 2023a). However, these methods may hinder the versatility of LLMs or introduce unnecessary or off-topic passages that lead to low-quality generations (Shi et al., 2023) since they retrieve passages indiscriminately regardless of whether the factual grounding is helpful. Moreover, the output is not guaranteed to be consistent with retrieved relevant passages (Gao et al., 2023) since the models are not
280	nding is helpful. Moreover, the output is not guaranteed to be consistent with retrieved relevant passages (Gao et al., 2023) since the models are not explicitly trained to leverage and follow facts from provided passages. This work introduces Self-Reflective Retrieval-augmented Generation ( SELF -R AG) to improve an LLM’s generation quality, including its factual accuracy without hurting its versatility, via on-demand retrieval and self-reflection. We train an arbitrary LM in an end-to-end manner to learn to reflect on its own generation process given a task input by generating both task output and intermittent special tokens (i.e., reflection tokens). Reflection tokens are categorized into retrieval and critique tokens to indicate the need for retrieval and its generation quality respectively (Figure 1 right). In particular, given an input prompt and preceding generations, SELF -RAG first determines if augmenting the continued generation with retrieved passages would be helpful. If
281	input prompt and preceding generations, SELF -RAG first determines if augmenting the continued generation with retrieved passages would be helpful. If so, it outputs a retrieval token that calls a retriever model on demand (Step 1). Subsequently,SELF -RAG concurrently processes multiple retrieved passages, evaluating their relevance and thengenerating corresponding task outputs (Step 2). It then generates critique tokens to criticize its own output and choose best one (Step 3) in terms of factuality and overall quality. This process differs from conventional RAG (Figure 1 left), which 1Our code and trained models are available at https://selfrag.github.io/. 1 arXiv:2310.11511v1 [cs.CL] 17 Oct 2023
282	Preprint. Step 1: Retrieve K documents California was named after a ﬁctional island in a Spanish book. Prompt How did US states get their names? US states got their names from a variety of sources. Eleven states are named after an individual person (e.g, California was named after Christopher Columbus). Some states including Texas and Utah, are named after Native American tribe. Retrieval-Augmented Generation (RAG) Ours: Self-reﬂective Retrieval-Augmented Generation (Self-RAG) Popular names by states. In Texas, Emma is a popular baby name. Of the ﬁfty states, eleven are named after an individual person. Prompt How did US states get their names? + Step 2: Prompt LM with K docs and generate Retriever LM Prompt How did US states get their names? US states got their names from a variety of sources. Retrieve Step 1: Retrieve on demand Prompt + 11 of 50 state namesRelevant Step 2: Generate segment in parallel come from persons. Supported Irrelevant Texas is named after a Native American
283	mpt + 11 of 50 state namesRelevant Step 2: Generate segment in parallel come from persons. Supported Irrelevant Texas is named after a Native American tribe. Step 3: Critique outputs and select best segment origins in a 16th-century novel Las Sergas de Esplandián. California's name has itsRelevant Partially US states got their names from a variety of sources. 11 of 50 states names are come from persons. 26 states are named after Native Americans, including Utah. Prompt: Write an essay of your best summer vacation Prompt: Write an essay of your best summer vacation No Retrieval My best summer vacation is when my family and I embarked on a road trip along …My best… > Repeat.… No information in passagesContradictory > Prompt + Prompt + Retrieve Figure 1: Overview of SELF -RAG. SELF -RAG learns to retrieve, critique, and generate text passages to enhance overall generation quality, factuality, and verifiability. consistently retrieves a fixed number of documents for generation regardless
284	ges to enhance overall generation quality, factuality, and verifiability. consistently retrieves a fixed number of documents for generation regardless of the retrieval necessity (e.g., the bottom figure example does not require factual knowledge) and never second visits the generation quality. Moreover, SELF -RAG provides citations for each segment with its self-assessment of whether the output is supported by the passage, leading to easier fact verification. SELF -RAG trains an arbitrary LM to generate text with reflection tokens by unifying them as the next token prediction from the expanded model vocabulary. We train our generator LM on a diverse collection of text interleaved with reflection tokens and retrieved passages. Reflection tokens, inspired by reward models used in reinforcement learning (Ziegler et al., 2019; Ouyang et al., 2022), are inserted offline into the original corpus by a trained critic model. This eliminates the need to host a critic model during training,
285	al., 2022), are inserted offline into the original corpus by a trained critic model. This eliminates the need to host a critic model during training, reducing overhead. The critic model, in part, is supervised on a dataset of input, output, and corresponding reflection tokens collected by prompting a propriety LM (i.e., GPT-4; OpenAI 2023). While we draw inspiration from studies that use control tokens to start and guide text generation (Lu et al., 2022; Keskar et al., 2019), our trained LM uses critique tokens to assess its own predictions after each generated segment as an integral part of the generation output. SELF -RAG further enables a customizable decoding algorithm to satisfy hard or soft constraints, which are defined by reflection token predictions. In particular, our inference-time algorithm enables us to (1) flexibly adjust retrieval frequency for different downstream applications and (2) customize models’ behaviors to user preferences by leveraging reflection tokens
286	just retrieval frequency for different downstream applications and (2) customize models’ behaviors to user preferences by leveraging reflection tokens through segment-level beam search using the weighted linear sum of the reflection token probabilities as segment score. Empirical results on six tasks, including reasoning and long-form generation, demonstrate that SELF - RAG significantly outperforms pre-trained and instruction-tuned LLMs that have more parameters and widely adopted RAG approaches with higher citation accuracy. In particular, SELF -RAG outperforms retrieval-augmented ChatGPT on four tasks, Llama2-chat (Touvron et al., 2023) and Alpaca (Dubois et al., 2023) on all tasks. Our analysis demonstrates the effectiveness of training and inference with reflection tokens for overall performance improvements as well as test-time model customizations (e.g., balancing the trade-off between citation previsions and completeness). 2 R ELATED WORK Retrieval-Augmented Generation.
287	ime model customizations (e.g., balancing the trade-off between citation previsions and completeness). 2 R ELATED WORK Retrieval-Augmented Generation. Retrieval-Augmented Generation (RAG) augments the input space of LMs with retrieved text passages (Guu et al., 2020; Lewis et al., 2020), leading to large improvements in knowledge-intensive tasks after fine-tuning or used with off-the-shelf LMs (Ram et al., 2023). A more recent work (Luo et al., 2023) instruction-tunes an LM with a fixed number 2
288	Preprint. of retrieved passages prepended to input, or pre-train a retriever and LM jointly, followed by few- shot fine-tuning on task datasets (Izacard et al., 2022b). While prior work often retrieves only once at the beginning, Jiang et al. (2023) propose to adaptively retrieve passages for generation on top of a proprietary LLM or Schick et al. (2023) train an LM to generate API calls for named entities. Yet, the improved task performance of such approaches often comes at the expense of runtime efficiency (Mallen et al., 2023), robustness to irrelevant context (Shi et al., 2023), and lack of attributions (Liu et al., 2023a; Gao et al., 2023). We introduce a method to train an arbitrary LM to learn to use retrieval on-demand for diverse instruction-following queries and introduce controlled generation guided by reflections tokens to further improve generation quality and attributions. Concurrent RAG work. A few concurrent works2 on RAG propose new training or prompting strategies to
289	rther improve generation quality and attributions. Concurrent RAG work. A few concurrent works2 on RAG propose new training or prompting strategies to improve widely-adopted RAG approaches. Lin et al. (2023) fine-tune both the retriever and LM on instruction-tuning datasets in two steps. While we also train our model on diverse instruction-following datasets, SELF -RAG enables retrieval on demand and selection of the best possible model output via fine-grained self-reflection, making it widely applicable and more robust and controllable. Yoran et al. (2023) use a natural language inference model and Xu et al. (2023) use a summarization model to filter out or compress retrieved passages before using them to prompt the LM to generate the output. SELF -R AG processes passages in parallel and filters out irrelevant ones through self-reflection, without relying on external models at inference. Moreover, our self-reflection mechanism also evaluates other aspects of the model output quality
290	ion, without relying on external models at inference. Moreover, our self-reflection mechanism also evaluates other aspects of the model output quality including factuality. LATS (Zhou et al., 2023) prompt off-the-shelf LMs to search for relevant information for question answering tasks and to generate with tree search, guided by LM-generated value scores. While their value function simply indicates an overall score of each generation, SELF -R AG trains to an arbitrary LM to learn to generate fine-grained self-reflection and customizable inference. Training and generating with critics. Training LLMs with reinforcement learning (e.g., Proximal Policy Optimization or PPO; Schulman et al. 2017) from human feedback (RLHF) has proven effective in aligning LLMs with human preferences (Ouyang et al., 2022). Wu et al. (2023) introduce fine-grained RLHF with multiple reward models. Though our work also studies fine-grained critique on retrieval and generation, we train our target LM on task
291	ained RLHF with multiple reward models. Though our work also studies fine-grained critique on retrieval and generation, we train our target LM on task examples augmented with reflection tokens from a critic model offline, with a far lower training cost compared to RLHF. In addition, reflection tokens in SELF -R AG enable controllable generation at inference, while RLHF focuses on human preference alignment during training. Other works use general control tokens to guide LM generation (Lu et al., 2022; Korbak et al., 2023), whileSELF -R AG uses reflection tokens to decide the need for retrieval and to self-evaluate generation quality. Xie et al. (2023) propose a self-evaluation- guided decoding framework, but they focus only on reasoning tasks with one evaluation dimension (reasoning path consistency) and without retrieval. Recent work on LLM refinement (Dhuliawala et al., 2023; Madaan et al., 2023; Paul et al., 2023) prompts a model to generate task output, natural language feedback
292	on LLM refinement (Dhuliawala et al., 2023; Madaan et al., 2023; Paul et al., 2023) prompts a model to generate task output, natural language feedback and refined task output iteratively, but at the cost of inference efficiency. 3 S ELF -R AG: L EARNING TO RETRIEVE , GENERATE AND CRITIQUE We introduce Self-Reflective Retrieval-Augmented Generation ( SELF -RAG), shown in Figure 1. SELF -R AG is a framework that enhances the quality and factuality of an LLM through retrieval and self-reflection, without sacrificing LLM’s original creativity and versatility. Our end-to-end training lets an LMM generate text informed by retrieved passages, if needed, and criticize the output by learning to generate special tokens. These reflection tokens (Table 1) signal the need for retrieval or confirm the output’s relevance, support, or completeness. In contrast, common RAG approaches retrieve passages indiscriminately, without ensuring complete support from cited sources. 3.1 P ROBLEM FORMALIZATION
293	n contrast, common RAG approaches retrieve passages indiscriminately, without ensuring complete support from cited sources. 3.1 P ROBLEM FORMALIZATION AND OVERVIEW Formally, given inputx, we trainM to sequentially generate textual outputsy consisting of multiple segmentsy = [y1,...,y T ], whereyt indicates a sequence of tokens for thet-th segment.3 Generated tokens inyt include text from the original vocabulary as well as the reflection tokens (Table 1). 2All work is arXived within a week of this preprint. 3In this paper, we treat one sentence as a segment in our experiments, but our framework is applicable to any segment unit (i.e., sub-sentence). 3
294	Preprint. Type Input Output Definitions Retrieve x / x, y {yes, no, continue} Decides when to retrieve with R ISREL x, d {relevant, irrelevant} d provides useful information to solve x. ISSUP x, d, y {fully supported, partially supported, no support} All of the verification-worthy statement in y is supported by d. ISUSE x, y {5, 4, 3, 2, 1} y is a useful response to x. Table 1: Four types of reflection tokens used inSELF -R AG. Each type uses several tokens to represent its output values. The bottom three rows are three types of Critique tokens, and the bold text indicates the most desirable critique tokens.x,y,d indicate input, output, and a relevant passage, respectively. Algorithm 1 SELF -R AG Inference Require: Generator LMM, RetrieverR, Large-scale passage collections{d1,...,d N} 1: Input: input promptx and preceding generationy<t, Output: next output segmentyt 2:M predicts Retrieve given (x,y <t) 3: if Retrieve == Yes then 4: Retrieve relevant text passages D usingR given (x,y
295	, Output: next output segmentyt 2:M predicts Retrieve given (x,y <t) 3: if Retrieve == Yes then 4: Retrieve relevant text passages D usingR given (x,y t−1) ▷ Retrieve 5: M predicts ISREL givenx,d andyt givenx,d,y <t for eachd∈ D ▷ Generate 6: M predicts ISSUP and ISUSE givenx,y t,d for eachd∈ D ▷ Critique 7: Rankyt based on ISREL , ISSUP , ISUSE ▷ Detailed in Section 3.3 8: else if Retrieve == No then 9: Mgen predictsyt givenx ▷ Generate 10: Mgen predicts ISUSE givenx,y t ▷ Critique Inference overview. Figure 1 and Algorithm 1 present an overview of SELF -R AG at inference. For everyx and preceding generation y<t, the model decodes a retrieval token to evaluate the utility of retrieval. If retrieval is not required, the model predicts the next output segment, as it does in a standard LM. If retrieval is needed, the model generates: a critique token to evaluate the retrieved passage’s relevance, the next response segment, and a critique token to evaluate if the information in the
296	a critique token to evaluate the retrieved passage’s relevance, the next response segment, and a critique token to evaluate if the information in the response segment is supported by the passage. Finally, a new critique token evaluates the overall utility of the response.4 To generate each segment, SELF -R AG processes multiple passages in parallel and uses its own generated reflection tokens to enforce soft constraints (Section 3.3) or hard control (Algorithm 1) over the generated task output. For instance, in Figure 1 (right), the retrieved passages d1 is selected at the first time step sinced2 does not provide direct evidence ( ISREL is Irrelevant) andd3 output is only partially supported whiled1 are fully supported. Training overview. SELF -RAG enables an arbitrary LM to generate text with reflection tokens by unifying them as next token predictions from the expanded model vocabulary (i.e., the original vocabulary plus reflection tokens). Specifically, we train the generator
297	next token predictions from the expanded model vocabulary (i.e., the original vocabulary plus reflection tokens). Specifically, we train the generator modelM on a curated corpus with interleaving passages retrieved by a retrieverR and reflection tokens predicted by a critic model C (summarized in Appendix Algorithm 2). We trainC to generate reflection tokens for evaluating retrieved passages and the quality of a given task output (Section 3.2.1). Using the critic model, we update the training corpus by inserting reflection tokens into task outputs offline. Subsequently, we train the final generator model (M) using the conventional LM objective (Section 3.2.2) to enable M to generate reflection tokens by itself without relying on the critic at inference time. 3.2 S ELF -RAG TRAINING Here, we describe the supervised data collection and training of two models, the criticC (Section 3.2.1) and the generatorM (Section 3.2.2). 3.2.1 T RAINING THE CRITIC MODEL Data collection for critic
298	nd training of two models, the criticC (Section 3.2.1) and the generatorM (Section 3.2.2). 3.2.1 T RAINING THE CRITIC MODEL Data collection for critic model. Manual annotation of reflection tokens for each segment is expensive (Wu et al., 2023). A state-of-the-art LLM like GPT-4 (OpenAI, 2023) can be effectively 4We follow Liu et al. (2023a) in using a “perceived” utility value that is independent of retrieved passages. 4
299	Preprint. Input: How did US states get their names? Input: Write an essay of your best summer vacation Output: My best summer vacation was a magical escape to the coastal town of Santorini. The azure waters, charming white-washed building are unforgettable. Critic LM Output: 1 of 50 states names come from persons. For instance, Louisiana was named in honor of King Louis XIV of France and Georgia was named after King George II. Retrieve Partially Augmented Output: Retrieve <p>LOUISIANA: Named in <p>Of the ﬁfty states, eleven are named after an individual person</p>. 11 of 50 states’ names come from person. Relevant Supported honor of Louis XIV of France.</p>. Relevant For instance, Louisiana was named after King Louis XIV, and Util: 5Georgia was named after King George II. Util: 5 Augmented Output: My best summer vacation was a magical escape to the coastal town of Santorini. The azure waters, charming white- washed building are unforgettable experience. No Retrieval No Retrieval
300	cal escape to the coastal town of Santorini. The azure waters, charming white- washed building are unforgettable experience. No Retrieval No Retrieval Retriever Figure 2: SELF -RAG training examples. The left example does not require retrieval while the right one requires retrieval; thus, passages are inserted. More examples are in Appendix Table 4. used to generate such feedback (Liu et al., 2023b). However, depending on such proprietary LMs can raise API costs and diminish reproducibility (Chen et al., 2023). We create supervised data by prompting GPT-4 to generate reflection tokens and then distill their knowledge into an in-houseC. For each group of reflection tokens, we randomly sample instances from the original training data: {X sample,Y sample}∼{ X,Y}. As different reflection token groups have their own definitions and input, as shown in Table 1, we use different instruction prompts for them. Here, we use Retrieve as an example. We prompt GPT-4 with a type-specific instruction
301	shown in Table 1, we use different instruction prompts for them. Here, we use Retrieve as an example. We prompt GPT-4 with a type-specific instruction (“Given an instruction, make a judgment on whether finding some external documents from the web helps to generate a better response.”) followed by few-shot demonstrationsI the original task inputx and outputy to predict an appropriate reflection token as text:p(r|I,x,y ). Manual assessment reveals that GPT-4 reflection token predictions show high agreement with human evaluations. We collect 4k-20k supervised training data for each type and combine them to form training data forC. Appendix Section D shows the full list of instructions, and A.1 contains more details and our analysis. Critic learning. After we collect training dataDcritic, we initializeC with a pre-trained LM and train it onDcritic using a standard conditional language modeling objective, maximizing likelihood: max C E((x,y),r)∼Dcritic logpC(r|x,y ), rfor reflection
302	it onDcritic using a standard conditional language modeling objective, maximizing likelihood: max C E((x,y),r)∼Dcritic logpC(r|x,y ), rfor reflection tokens. (1) Though the initial model can be any pre-trained LM, we use the same one as the generator LM (i.e., Llama 2-7B; Touvron et al. 2023) forC initialization. The critic achieves a higher than 90% agreement with GPT-4-based predictions on most reflection token categories (Appendix Table 5). 3.2.2 T RAINING THE GENERATOR MODEL Data collection for generator. Given an input-output pair (x,y ), we augment the original output y using the retrieval and critic models to create supervised data that precisely mimics the SELF - RAG inference-time process (Section 3.1). For each segment yt∈ y, we runC to assess whether additional passages could help to enhance generation. If retrieval is required, the retrieval special token Retrieve =Yes is added, andR retrieves the topK passages, D. For each passage,C further evaluates whether the passage
303	red, the retrieval special token Retrieve =Yes is added, andR retrieves the topK passages, D. For each passage,C further evaluates whether the passage is relevant and predicts ISREL . If a passage is relevant, C further evaluates whether the passage supports the model generation and predicts ISSUP . Critique tokens ISREL and ISSUP are appended after the retrieved passage or generations. At the end of the output,y (oryT ),C predicts the overall utility token ISUSE , and an augmented output with reflection tokens and the original input pair is added toDgen. See the example training data in Figure 2. Generator learning. We train the generator modelM by training on the curated corpus augmented with reflection tokensDgen using the standard next token objective: max M E(x,y,r)∼Dgen logpM(y,r|x). (2) UnlikeC training (Eq. 1),M learns to predict the target output as well as the reflection tokens. During training, we mask out the retrieved text chunks (surrounded by <p> and </p> in Figure 2)
304	ct the target output as well as the reflection tokens. During training, we mask out the retrieved text chunks (surrounded by <p> and </p> in Figure 2) for loss calculation and expand the original vocabularyV with a set of reflection tokens{ Critique, Retrieve}. Connections to prior work on learning with critique. Recent work incorporates additional critique (feedback) during training, e.g., RLHF (Ouyang et al. 2022) via PPO. While PPO relies on 5
305	Preprint. separate reward models during training, we compute critique offline and directly insert them into the training corpus, where the generator LM is trained with a standard LM objective. This significantly reduces training costs compared to PPO. Our work also relates to prior work that incorporates special tokens to control generation (Keskar et al., 2019; Lu et al., 2022; Korbak et al., 2023). OurSELF -R AG learns to generate special tokens to evaluate its own predictionafter each generated segment, enabling the use of a soft re-ranking mechanism or hard constraints at inference (discussed next). 3.3 S ELF -RAG INFERENCE Generating reflection tokens to self-evaluate its own output makes SELF -RAG controllable during the inference phase, enabling it to tailor its behavior to diverse task requirements. For tasks demanding factual accuracy (Min et al., 2023), we aim for the model to retrieve passages more frequently to ensure that the output aligns closely with the available
306	ual accuracy (Min et al., 2023), we aim for the model to retrieve passages more frequently to ensure that the output aligns closely with the available evidence. Conversely, in more open-ended tasks, like composing a personal experience essay, the emphasis shifts towards retrieving less and prioritizing the overall creativity or utility score. In this section, we describe approaches to enforce control to meet these distinct objectives during the inference process. Adaptive retrieval with threshold.SELF -RAG dynamically decides when to retrieve text passages by predicting Retrieve . Alternatively, our framework allows a threshold to be set. Specifically, if the prob- ability of generating the Retrieve =Yes token normalized over all output tokens in Retrieve surpasses a designated threshold, we trigger retrieval (details in Appendix Section A.3). Tree-decoding with critique tokens. At each segment stept, when retrieval is required, based either on hard or soft conditions,R retrievesK
307	tion A.3). Tree-decoding with critique tokens. At each segment stept, when retrieval is required, based either on hard or soft conditions,R retrievesK passages, and the generatorM processes each passage in parallel and outputsK different continuation candidates. We conduct a segment-level beam search (with the beam size=B) to obtain the top-B segment continuations at each timestampt, and return the best sequence at the end of generation. The score of each segment yt with respect to passaged is updated with a critic scoreS that is the linear weighted sum of the normalized probability of each Critique token type. For each critique token groupG (e.g., ISREL ), we denote its score at timestamp t assG t , and we compute a segment score as follows: f (yt,d, Critique ) = p(yt|x,d,y <t)) +S( Critique ), where (3) S( Critique ) = X G∈G wGsG t forG ={ ISREL, ISSUP, ISUSE}, (4) wheresG t = pt(ˆr)PN G i=1 pt(ri) stands for the generation probability of the most desirable reflection token ˆr
308	t forG ={ ISREL, ISSUP, ISUSE}, (4) wheresG t = pt(ˆr)PN G i=1 pt(ri) stands for the generation probability of the most desirable reflection token ˆr (e.g., ISREL =Relevant) for the critique token typeG withN G distinct tokens (that represent different possible values forG). The weightswG in Eq. 4 are hyperparameters that can be adjusted at inference time to enable customized behaviors at test time. For instance, to ensure that result y is mostly supported by evidence, we can set a weight term for the ISSUP score higher, while relatively lowering weights for other aspects. Alternatively, we could further enforce hard constraints during decoding using Critique . Instead of using a soft reward function in Eq. 4, we could explicitly filter out a segment continuation when the model generates an undesirable Critique token (e.g., ISSUP =No support ) . Balancing the trade-off between multiple preferences has been studied in RLHF (Touvron et al., 2023; Wu et al., 2023), which often requires
309	upport ) . Balancing the trade-off between multiple preferences has been studied in RLHF (Touvron et al., 2023; Wu et al., 2023), which often requires training to change models’ behaviors. S ELF -RAG tailors an LM with no additional training. 4 E XPERIMENTS 4.1 T ASKS AND DATASETS We conduct evaluations of our SELF -RAG and diverse baselines on a range of downstream tasks, holistically evaluating outputs with metrics designed to assess overall correctness, factuality, and fluency. Throughout these experiments, we conduct zero-shot evaluations, where we provide instruc- tions describing tasks without few-shot demonstrations (Wei et al., 2022; Sanh et al., 2022). Details of our experiments’ settings, including test-time instructions, are available in the Appendix Section B.1. Closed-set tasks include two datasets, i.e., a factverification dataset about public health (PubHealth; Zhang et al. 2023) and a multiple-choice reasoning dataset created from scientific exams ( ARC- 6
310	Preprint. Challenge; Clark et al. 2018). We use accuracy as an evaluation metric and report on the test set. We aggregate the answer probabilities of target classes for both of these datasets (Appendix Section B.2). Short-form generations tasks include two open-domain question answering (QA) datasets, PopQA (Mallen et al., 2023) and TriviaQA-unfiltered (Joshi et al., 2017), where systems need to answer arbitrary questions about factual knowledge. For PopQA, we use the long-tail subset, consisting of 1,399 rare entity queries whose monthly Wikipedia page views are less than 100. As the TriviaQA-unfiltered (open) test set is not publicly available, we follow prior work’s validation and test split (Min et al., 2019; Guu et al., 2020), using 11,313 test queries for evaluation. We evaluate performance based on whether gold answers are included in the model generations instead of strictly requiring exact matching, following Mallen et al. (2023); Schick et al. (2023). Long-form generation
311	uded in the model generations instead of strictly requiring exact matching, following Mallen et al. (2023); Schick et al. (2023). Long-form generation tasks include a biography generation task (Min et al., 2023) and a long-form QA task ALCE-ASQA Gao et al. (2023); Stelmakh et al. (2022). We use FactScore (Min et al., 2023) to evaluate biographies, and we use official metrics of correctness (str-em), fluency based on MAUVE (Pillutla et al., 2021), and citation precision and recall (Gao et al., 2023) for ASQA. 5 4.2 B ASELINES Baselines without retrievals. We evaluate strong publicly available pre-trained LLMs, Llama27B,13B (Touvron et al., 2023), instruction-tuned models, Alpaca 7B,13B (Dubois et al., 2023) (our replication based on Llama2); and models trained and reinforced using private data, Chat- GPT (Ouyang et al., 2022) and Llama2-chat 13 B. For instruction-tuned LMs, we use the official system prompt or instruction format used during training if publicly available. We also
312	ama2-chat 13 B. For instruction-tuned LMs, we use the official system prompt or instruction format used during training if publicly available. We also compare our method to concurrent work, CoVE65B (Dhuliawala et al., 2023), which introduces iterative prompt engineering to improve the factuality of LLM generations. Baselines with retrievals. We evaluate models augmented with retrieval at test time or during training. The first category includes standard RAG baselines, where an LM (Llama2, Alpaca) generates output given the query prepended with the top retrieved documents using the same retriever as in our system. It also includes Llama2-FT, where Llama2 is fine-tuned on all training data we use without the reflection tokens or retrieved passages. We also report the result of retrieval-augmented baselines with LMs trained with private data: Ret-ChatGPT and Ret-Llama2-chat, which deploy the same augmentation technique above, as well as perplexity.ai, an InstructGPT-based production
313	e data: Ret-ChatGPT and Ret-Llama2-chat, which deploy the same augmentation technique above, as well as perplexity.ai, an InstructGPT-based production search system. The second category includes concurrent methods that are trained with retrieved text passages, i.e., SAIL (Luo et al., 2023) to instruction-tune an LM on the Alpaca instruction-tuning data with top retrieved documents inserted before instructions, and Toolformer (Schick et al., 2023) to pre-train an LM with API calls (e.g., Wikipedia APIs).6 4.3 E XPERIMENTAL SETTINGS Training data and settings. Our training data consists of diverse instruction-following input-output pairs. In particular, we sample instances from Open-Instruct processed data (Wang et al., 2023) and knowledge-intensive datasets (Petroni et al., 2021; Stelmakh et al., 2022; Mihaylov et al., 2018). In total, we use 150k instruction-output pairs. We use Llama2 7B and 13B (Touvron et al., 2023) as our generator base LM, and we use Llama2 7B as our base critic
314	e use 150k instruction-output pairs. We use Llama2 7B and 13B (Touvron et al., 2023) as our generator base LM, and we use Llama2 7B as our base critic LM. For the retriever modelR, we use off-the-shelf Contriever-MS MARCO (Izacard et al., 2022a) by default and retrieve up to ten documents for each input. More training details are in the Appendix Section B.1. Inference settings. As a default configuration, we assign the weight terms ISREL , ISSUP , ISUSE values of 1.0, 1.0 and 0.5, respectively. To encourage frequent retrieval, we set the retrieval threshold to 0.2 for most tasks and to 0 for ALCE (Gao et al., 2023) due to citation requirements. We speed up inference using vllm (Kwon et al., 2023). At each segment level, we adopt a beam width of 2. For a token-level generation, we use greedy decoding. By default, we use the top five documents from Contriever-MS MARCO (Izacard et al., 2022a); for biographies and open-domain QA, we use additional top five documents retrieved by a web
315	ocuments from Contriever-MS MARCO (Izacard et al., 2022a); for biographies and open-domain QA, we use additional top five documents retrieved by a web search engine, following Luo et al. (2023); for ASQA, we use the author-provided top 5 documents by GTR-XXL (Ni et al., 2022) across all baselines for a fair comparison. 5https://github.com/princeton-nlp/ALCE 6We report numbers using the results reported in the paper as the implementations are not available. 7
316	Preprint. Table 2: Overall experiment results on six tasks. Bold numbers indicate the best performance among non-proprietary models, and gray-colored bold text indicates the best proprietary model when they outperforms all non-proprietary models. ∗ indicates concurrent or recent results reported by concurrent work. – indicates numbers that are not reported by the original papers or are not applicable. Models are sorted based on scale. FS, em, rg, mau, prec, rec denote FactScore (factuality); str-em, rouge (correctness); MAUVE (fluency); citation precision and recall, respectively. Short-form Closed-set Long-form generations (with citations) PopQA TQA Pub ARC Bio ASQA LM (acc) (acc) (acc) (acc) (FS) (em) (rg) (mau) (pre) (rec) LMs with proprietary data Llama2-c13B 20.0 59.3 49.4 38.4 55.9 22.4 29.6 28.6 – – Ret-Llama2-c13B 51.8 59.8 52.1 37.9 79.9 32.8 34.8 43.8 19.8 36.1 ChatGPT 29.3 74.3 70.1 75.3 71.8 35.3 36.2 68.8 – – Ret-ChatGPT 50.8 65.7 54.7 75.3 – 40.7 39.9 79.7 65.1 76.6
317	52.1 37.9 79.9 32.8 34.8 43.8 19.8 36.1 ChatGPT 29.3 74.3 70.1 75.3 71.8 35.3 36.2 68.8 – – Ret-ChatGPT 50.8 65.7 54.7 75.3 – 40.7 39.9 79.7 65.1 76.6 Perplexity.ai – – – – 71.2 – – – – – Baselines without retrieval Llama27B 14.7 30.5 34.2 21.8 44.5 7.9 15.3 19.0 – – Alpaca7B 23.6 54.5 49.8 45.0 45.8 18.8 29.4 61.7 – – Llama213B 14.7 38.5 29.4 29.4 53.4 7.2 12.4 16.0 – – Alpaca13 B 24.4 61.3 55.5 54.9 50.2 22.9 32.0 70.6 – – CoVE65B * – – – – 71.2 – – – – – Baselines with retrieval Toolformer*6B – 48.8 – – – – – – – – Llama27B 38.2 42.5 30.0 48.0 78.0 15.2 22.1 32.0 2.9 4.0 Alpaca7B 46.7 64.1 40.2 48.0 76.6 30.9 33.3 57.9 5.5 7.2 Llama2-FT7B 48.7 57.3 64.3 65.8 78.2 31.0 35.8 51.2 5.0 7.5 SAIL*7B – – 69.2 48.4 – – – – – – Llama213B 45.7 47.0 30.2 26.0 77.5 16.3 20.5 24.7 2.3 3.6 Alpaca13 B 46.1 66.9 51.1 57.6 77.7 34.8 36.7 56.6 2.0 3.8 Our SELF -RAG 7B 54.9 66.4 72.4 67.3 81.2 30.0 35.7 74.3 66.9 67.8 Our SELF -RAG 13 B 55.8 69.3 74.5 73.1 80.2 31.7 37.0 71.6 70.3 71.3 5 R ESULTS AND
318	Our SELF -RAG 7B 54.9 66.4 72.4 67.3 81.2 30.0 35.7 74.3 66.9 67.8 Our SELF -RAG 13 B 55.8 69.3 74.5 73.1 80.2 31.7 37.0 71.6 70.3 71.3 5 R ESULTS AND ANALYSIS 5.1 M AIN RESULTS Comparison against baselines without retrieval. Table 2 (top) presents the baselines without retrieval. Our SELF -RAG (bottom two rows) demonstrates a substantial performance advantage over supervised fine-tuned LLMs in all tasks and even outperforms ChatGPT in PubHealth, PopQA, biography generations, and ASQA (Rouge and MAUVE). Our approach also significantly outperforms a concurrent method that employs sophisticated prompt engineering; specifically, on the bio generation task, our 7B and 13B models outperform the concurrent CoVE (Dhuliawala et al., 2023), which iteratively prompts Llama265B to refine output. Comparison against baselines with retrieval. As shown in Tables 2 (bottom), our SELF -RAG also outperforms existing RAG in many tasks, obtaining the best performance among non-proprietary LM-based models
319	in Tables 2 (bottom), our SELF -RAG also outperforms existing RAG in many tasks, obtaining the best performance among non-proprietary LM-based models on all tasks. While our method outperforms other baselines, on PopQA or Bio, powerful instruction-tuned LMs with retrieval (e.g., LLama2-chat, Alpaca) show large gains from their non-retrieval baselines. However, we found that these baselines provide limited solutions for tasks where we cannot simply copy or extract sub-strings of retrieved passages. On PubHealth and ARC-Challenge, baselines with retrieval do not improve performance notably from their no- retrieval counterparts. We also observe that most baselines with retrieval struggle to improve citation accuracy. On ASQA, our model shows significantly higher citation precision and recall than all models except ChatGPT. Gao et al. (2023) found that ChatGPT consistently exhibits superior efficacy in this particular task, surpassing smaller LMs. Our SELF -R AG bridges this performance
320	3) found that ChatGPT consistently exhibits superior efficacy in this particular task, surpassing smaller LMs. Our SELF -R AG bridges this performance gap, even outperforming ChatGPT in citation precision, which measures whether the model-generated claim is fully supported by cited evidence. We also found that on the metrics for factual precision, SELF -R AG 7B occasionally outperforms our 13B due to the tendency of smaller SELF -RAG to often generate 8
321	Preprint. PQA Med AS (acc) (acc) (em) SELF -RAG (50k) 45.5 73.5 32.1 Training No Retriever R 43.6 67.8 31.0 No Critic C 42.6 72.0 18.1 Test No retrieval 24.7 73.0 – Hard constraints 28.3 72.6 – Retrieve top1 41.8 73.1 28.6 Remove ISSUP 44.1 73.2 30.6 (a) Ablation 1 2 70.0 70.5Precision 1 2 Weight for IsSupport 90 95Mauve (b) Customization 0.0 0.2 0.4 0.6 0.98 0.99 0.99 1.00Accuracy PubHealth 0.0 0.2 0.4 0.6 Retrieval Threshold 0.6 0.8 1.0Accuracy PopQA 0.0 0.5 1.0 Frequency 0.25 0.50 0.75 1.00 Frequency (c) Retrieval Figure 3: Analysis on SELF -R AG: (a) Ablation studies for key components of SELF -RAG training and inference based on our 7B model. (b) Effects of soft weights on ASQA citation precision and Mauve (fluency). (c) Retrieval frequency and normalized accuracy on PubHealth and PopQA. precisely grounded yet shorter outputs. Llama2-FT 7B, which is the baseline LM trained on the same instruction-output pairs as SELF -R AG without retrieval or self-reflection and is
322	outputs. Llama2-FT 7B, which is the baseline LM trained on the same instruction-output pairs as SELF -R AG without retrieval or self-reflection and is retrieval-augmented at test time only, lags behind SELF -RAG. This result indicates S ELF -R AG gains are not solely from training data and demonstrate the effectiveness of SELF -R AG framework. 5.2 A NALYSIS Ablation studies. We conduct a set of ablations of our framework to identify which factors play key roles. We evaluate two model variants trained differently than our model: No Retriever trains an LM using the standard instruction-following method given instruction-output pairs, without retrieved passages; No Critic trains an LM trained with input-output pairs that are always augmented with the top one retrieved document without reflection tokens. This is similar to SAIL (Luo et al., 2023), and we use our instruction-output data instead of using the Alpaca dataset (Dubois et al., 2023), as in SAIL. We also conduct ablation on our
323	, 2023), and we use our instruction-output data instead of using the Alpaca dataset (Dubois et al., 2023), as in SAIL. We also conduct ablation on our inference-time algorithm, including No retrieval disables retrieval during inference; Hard constraints indicates the model performance that retrieves when Retrieve =Yes instead of using the adaptive threshold; Retrieve top 1 always retrieves and uses the top one document only, similar to standard RAG approaches;Remove ISSUP indicates the model performance that removes ISSUP score only during critique-guided beam search in Eq. 4. In this ablation experiment, we use a training instance size of 50k for a more efficient exploration of training variations. Later in this section, we conduct an analysis of the effect of training data size. We conduct the ablation studies on three datasets, PopQA, PubHealth, and ASQA. On ASQA, we evaluate models on sampled 150 instances and exclude ablations involving adaptive or no retrieval processes. We show
324	PubHealth, and ASQA. On ASQA, we evaluate models on sampled 150 instances and exclude ablations involving adaptive or no retrieval processes. We show in Table 3a the ablation results. The top part of the table shows results for training ablations, and the bottom part is for inference ablations. We see that all components play important roles. We also observe a large performance gap between SELF -R AG and No Retriever or Critic baselines across tasks, indicating that training an LM with those models largely contributes to the performance gain of SELF -RAG. Using the top passages regardless of their relevance (Retrieve top 1) as in conventional RAG approaches causes a large drop in PopQA and ASQA, and removing ISSUP during the beam search results hurts performance on ASQA. This demonstrates the effectiveness of SELF -RAG’s capabilities of carefully selecting generations based fine-grained multiple criterion, instead of naively using all of the top passages from the retrieval model or
325	of carefully selecting generations based fine-grained multiple criterion, instead of naively using all of the top passages from the retrieval model or solely depending on relevance scores. Effects of inference-time customization. One key benefit of our proposed framework is that it enables us to control how much each critique type affects the final generation sampling. We analyze the effects of different parameter weights on the top of our 7B model during inference time on ASQA, where multiple evaluation aspects are considered. Figure 3b shows the effects of changing the weighting term for ISSUP , which criticizes how supported the output is by the text passage. As the figure shows, increasing the weight leads to positive effects on the models’ citation precision since this puts more emphasis on whether model generation is supported by the evidence. On the 9
326	Preprint. 0 50 100 150 Num of training (k) 35 40 45 50 55Perfomance (a) PopQA 0 100 Num of training (k) 71 72 73 (b) PubHealth 0 100 Num of training (k) 40 60 (c) ASQA (prec) Pop Bio. S & P 92.5 70.0 ISREL 95.0 90.0 ISSUP 90.0 85.0 (d) Human evaluation on PopQA and Bio generation. Figure 4: Training scale and Human analysis: (a) (b) (c) Training scale analysis shows the effect of the training data scale on PopQA, PubHealth and ASQA (citation precision), respectively. (d) Human analysis on SELF -R AG outputs as well as reflection tokens. contrary, a larger weight results in lower MAUVE scores: when generation gets longer and more fluent, there are often more claims that are not fully supported by citations, consistent with findings by Liu et al. (2023a). Our framework lets practitioners choose and customize models’ behaviors at test time by adjusting such parameters without requiring additional training. Efficiency and accuracy trade-off. Using our framework, practitioners can adjust
327	e by adjusting such parameters without requiring additional training. Efficiency and accuracy trade-off. Using our framework, practitioners can adjust how often retrieval occurs using the token probability of reward tokens. We evaluate how this adaptive threshold affects overall accuracy and frequency of retrieval, and we evaluate the performance with varying numbers of threshold δ (largerδ results in less retrieval) on PubHealth and PopQA. Figure 3c shows that the model’s retrieval frequencies dramatically change on both datasets. as δ varies. On one hand, performance deterioration by retrieving less is smaller on PubHealth but larger in PopQA. Effects of training data size. We conduct an analysis of how the data scale affects the model’s performance. In particular, we randomly sample 5k, 10k, 20k, and 50k instances from our original 150k training instances, and fine-tune four SELF -RAG 7B variants on those subsets. Then, we compare the model performance on PopQA, PubHealth, and ASQA
328	0k training instances, and fine-tune four SELF -RAG 7B variants on those subsets. Then, we compare the model performance on PopQA, PubHealth, and ASQA (citation precision) with our final SELF - RAG trained on the full 150k instances. We also evaluate Figures 4a, 4b and 4c shows the models’ performance trained on different amount of data. Across all datasets, increasing data size often shows upward trajectories and the improvements are significantly larger in PopQA and ASQA, while we do not observed such significant improvements on Llama2-FT7B when increasing the training data from 50k to 150k. These results also indicate that further expanding the training data of SELF -R AG may lead to further improvements, although in this work we limit our training data size to 150k. Human evaluations. We conduct small human evaluations on SELF -RAG outputs, as well as the reliability of predicted reflection tokens. In particular, we sampled 50 samples from PopQA and Bio results. Following Menick
329	outputs, as well as the reliability of predicted reflection tokens. In particular, we sampled 50 samples from PopQA and Bio results. Following Menick et al. (2022), human annotators evaluate S&P, which indicates whether the model output is plausible (i.e., the output is a reasonable and on-topic response to the question as if it were occurring in a conversation) and supported (i.e., the provided evidence is sufficient to verify the validity of the answer). For S&P, we do not consider the instances where SELF -RAG predicts irrelevant or no support . We then ask our annotators whether the model-predicted reflection tokens about ISREL and ISSUP match their inspections (e.g., whether the fully supported output is supported by the cited evidence). Human annotators find SELF -RAG answers are often plausible and supported by relevant passages with higher S&P scores on short-form PopQA, which is consistent with Menick et al. (2022). Human annotators also find ISREL and ISSUP reflection token
330	with higher S&P scores on short-form PopQA, which is consistent with Menick et al. (2022). Human annotators also find ISREL and ISSUP reflection token predictions are mostly aligned with their assessments. Appendix Table 6 shows several annotated examples and explanations on assessments. 6 C ONCLUSION This work introduces SELF -RAG, a new framework to enhance the quality and factuality of LLMs through retrieval on demand and self-reflection. SELF -R AG trains an LM to learn to retrieve, generate, and critique text passages and its own generation by predicting the next tokens from its original vocabulary as well as newly added special tokens, called reflection tokens.SELF -R AG further enables the tailoring of LM behaviors at test time by leveraging reflection tokens. Our holistic evaluations on six tasks using multiple metrics demonstrate that SELF -RAG significantly outperforms LLMs with more parameters or with conventional retrieval-augmented generation approaches. 10
331	Preprint. ETHICAL CONCERNS This work aims to improve the factuality of LLM outputs, the lack of which continues to cause nu- merous real-world problems (e.g., spread of misinformation and provision of incorrect and dangerous advice). While our method shows significant improvements in terms of performance, factuality, and citation accuracy, it can still generate outputs that are not fully supported by the citations. We hope that explicit self-reflection and fine-grained attribution may help users verify factual errors in the model outputs. ACKNOWLEDGMENTS We thank Sewon Min, Scott Wen-tau Yih, Sean Welleck, and Kawin Ethayarajh for fruitful discussions in the early stages of this work. We thank Sewon Min, Joongwon (Daniel) Kim, and Sandy Kaplan for valuable feedback on the paper, and Tianyu Gao and Weijia Shi for their help on evaluations. Akari Asai is supported by the IBM Fellowship. We thank Stability AI for providing computing to train and evaluate the LMs in this work, and
332	luations. Akari Asai is supported by the IBM Fellowship. We thank Stability AI for providing computing to train and evaluate the LMs in this work, and Microsoft Accelerate Foundation Models Research Program for the access to OpenAI APIs. This work was funded in part by the DARPA MCS program through NIWC Pacific (N66001-19-2-4031), NSF IIS-2044660, and gifts from AI2. REFERENCES Akari Asai, Kazuma Hashimoto, Hannaneh Hajishirzi, Richard Socher, and Caiming Xiong. Learn- ing to retrieve reasoning paths over wikipedia graph for question answering. In International Conference on Learning Representations, 2020. URL https://openreview.net/forum? id=SJgVHkrYDH. Akari Asai, Sewon Min, Zexuan Zhong, and Danqi Chen. Retrieval-based language models and appli- cations. In Proceedings of the 61st Annual Meeting of the Association for Computational Linguistics (Tutorial), 2023a. URL https://aclanthology.org/2023.acl-tutorials.6. Akari Asai, Timo Schick, Patrick Lewis, Xilun Chen, Gautier Izacard,
333	Linguistics (Tutorial), 2023a. URL https://aclanthology.org/2023.acl-tutorials.6. Akari Asai, Timo Schick, Patrick Lewis, Xilun Chen, Gautier Izacard, Sebastian Riedel, Hannaneh Hajishirzi, and Wen-tau Yih. Task-aware retrieval with instructions. In Findings of the Associ- ation for Computational Linguistics , 2023b. URL https://aclanthology.org/2023. findings-acl.225. Bernd Bohnet, Vinh Q Tran, Pat Verga, Roee Aharoni, Daniel Andor, Livio Baldini Soares, Jacob Eisenstein, Kuzman Ganchev, Jonathan Herzig, Kai Hui, et al. Attributed question answering: Evaluation and modeling for attributed large language models. arXiv preprint arXiv:2212.08037, 2022. URL https://arxiv.org/abs/2212.08037. Lingjiao Chen, Matei Zaharia, and James Zou. How is chatgpt’s behavior changing over time? arXiv preprint arXiv:2307.09009, 2023. URL https://arxiv.org/abs/2307.09009. Peter Clark, Isaac Cowhey, Oren Etzioni, Tushar Khot, Ashish Sabharwal, Carissa Schoenick, and Oyvind Tafjord. Think you have solved
334	g/abs/2307.09009. Peter Clark, Isaac Cowhey, Oren Etzioni, Tushar Khot, Ashish Sabharwal, Carissa Schoenick, and Oyvind Tafjord. Think you have solved question answering? try arc, the ai2 reasoning challenge. arXiv preprint arXiv:1803.05457, 2018. URL https://arxiv.org/abs/1803.05457. Tri Dao, Dan Fu, Stefano Ermon, Atri Rudra, and Christopher R´e. Flashattention: Fast and memory- efficient exact attention with io-awareness. In Advances in Neural Information Processing Systems, 2022. URL https://openreview.net/forum?id=H4DqfPSibmx. Shehzaad Dhuliawala, Mojtaba Komeili, Jing Xu, Roberta Raileanu, Xian Li, Asli Celikyilmaz, and Jason Weston. Chain-of-verification reduces hallucination in large language models.arXiv preprint arXiv:2309.11495, 2023. URL https://arxiv.org/abs/2309.11495. Emily Dinan, Stephen Roller, Kurt Shuster, Angela Fan, Michael Auli, and Jason Weston. Wizard of wikipedia: Knowledge-powered conversational agents. In International Conference on Learning Representations,
335	Michael Auli, and Jason Weston. Wizard of wikipedia: Knowledge-powered conversational agents. In International Conference on Learning Representations, 2019. URL https://openreview.net/forum?id=r1l73iRqKm. Yann Dubois, Xuechen Li, Rohan Taori, Tianyi Zhang, Ishaan Gulrajani, Jimmy Ba, Carlos Guestrin, Percy Liang, and Tatsunori B. Hashimoto. Alpacafarm: A simulation framework for methods that 11
336	Preprint. learn from human feedback. arXiv preprint arXiv:2305.14387, 2023. URL https://arxiv. org/abs/2305.14387. Tianyu Gao, Howard Yen, Jiatong Yu, and Danqi Chen. Enabling large language models to generate text with citations. arXiv preprint arXiv:2305.14627, 2023. URL https://arxiv.org/abs/ 2305.14627. Kelvin Guu, Kenton Lee, Zora Tung, Panupong Pasupat, and Mingwei Chang. Retrieval augmented language model pre-training. In International Conference on Machine Learning , 2020. URL https://dl.acm.org/doi/pdf/10.5555/3524938.3525306. Gautier Izacard, Mathilde Caron, Lucas Hosseini, Sebastian Riedel, Piotr Bojanowski, Armand Joulin, and Edouard Grave. Unsupervised dense information retrieval with contrastive learning. Transactions on Machine Learning Research , 2022a. URL https://openreview.net/ forum?id=jKN1pXi7b0. Gautier Izacard, Patrick Lewis, Maria Lomeli, Lucas Hosseini, Fabio Petroni, Timo Schick, Jane Dwivedi-Yu, Armand Joulin, Sebastian Riedel, and Edouard Grave. Few-shot
337	Patrick Lewis, Maria Lomeli, Lucas Hosseini, Fabio Petroni, Timo Schick, Jane Dwivedi-Yu, Armand Joulin, Sebastian Riedel, and Edouard Grave. Few-shot learning with retrieval augmented language models. arXiv preprint arXiv:2208.03299, 2022b. URL https: //arxiv.org/abs/2208.03299. Zhengbao Jiang, Frank F Xu, Luyu Gao, Zhiqing Sun, Qian Liu, Jane Dwivedi-Yu, Yiming Yang, Jamie Callan, and Graham Neubig. Active retrieval augmented generation. arXiv preprint arXiv:2305.06983, 2023. URL https://arxiv.org/abs/2305.06983. Mandar Joshi, Eunsol Choi, Daniel Weld, and Luke Zettlemoyer. TriviaQA: A large scale distantly supervised challenge dataset for reading comprehension. In Proceedings of the 55th Annual Meeting of the Association for Computational Linguistics (Volume 1: Long Papers), 2017. URL https://aclanthology.org/P17-1147. Nitish Shirish Keskar, Bryan McCann, Lav R Varshney, Caiming Xiong, and Richard Socher. Ctrl: A conditional transformer language model for controllable generation.
338	h Keskar, Bryan McCann, Lav R Varshney, Caiming Xiong, and Richard Socher. Ctrl: A conditional transformer language model for controllable generation. arXiv preprint arXiv:1909.05858, 2019. URL https://arxiv.org/abs/1909.05858. Tomasz Korbak, Kejian Shi, Angelica Chen, Rasika Vinayak Bhalerao, Christopher Buckley, Jason Phang, Samuel R Bowman, and Ethan Perez. Pretraining language models with human preferences. In International Conference on Machine Learning, 2023. URL https://openreview.net/ forum?id=AT8Iw8KOeC. Tom Kwiatkowski, Jennimaria Palomaki, Olivia Redfield, Michael Collins, Ankur Parikh, Chris Alberti, Danielle Epstein, Illia Polosukhin, Jacob Devlin, Kenton Lee, Kristina Toutanova, Llion Jones, Matthew Kelcey, Ming-Wei Chang, Andrew M. Dai, Jakob Uszkoreit, Quoc Le, and Slav Petrov. Natural questions: A benchmark for question answering research. Transactions of the Association for Computational Linguistics, 2019. URL https://aclanthology.org/ Q19-1026. Woosuk Kwon, Zhuohan
339	answering research. Transactions of the Association for Computational Linguistics, 2019. URL https://aclanthology.org/ Q19-1026. Woosuk Kwon, Zhuohan Li, Siyuan Zhuang, Ying Sheng, Lianmin Zheng, Cody Hao Yu, Joseph E. Gonzalez, Hao Zhang, and Ion Stoica. Efficient memory management for large language model serving with pagedattention. In Proceedings of the ACM SIGOPS 29th Symposium on Operating Systems Principles, 2023. URL https://arxiv.org/abs/2309.06180. Patrick Lewis, Ethan Perez, Aleksandra Piktus, Fabio Petroni, Vladimir Karpukhin, Naman Goyal, Heinrich K¨uttler, Mike Lewis, Wen-tau Yih, Tim Rockt¨aschel, Sebastian Riedel, and Douwe Kiela. Retrieval-augmented generation for knowledge-intensive nlp tasks. In Advances in Neural Infor- mation Processing Systems, 2020. URL https://proceedings.neurips.cc/paper/ 2020/file/6b493230205f780e1bc26945df7481e5-Paper.pdf. Xi Victoria Lin, Xilun Chen, Mingda Chen, Weijia Shi, Maria Lomeli, Rich James, Pedro Rodriguez, Jacob Kahn, Gergely
340	5f780e1bc26945df7481e5-Paper.pdf. Xi Victoria Lin, Xilun Chen, Mingda Chen, Weijia Shi, Maria Lomeli, Rich James, Pedro Rodriguez, Jacob Kahn, Gergely Szilvasy, Mike Lewis, Luke Zettlemoyer, and Scott Yih. Ra-dit: Retrieval- augmented dual instruction tuning, 2023. URL https://arxiv.org/abs/2310.01352. Nelson F Liu, Tianyi Zhang, and Percy Liang. Evaluating verifiability in generative search engines. arXiv preprint arXiv:2304.09848, 2023a. URL https://arxiv.org/abs/2304.09848. 12
341	Preprint. Yang Liu, Dan Iter, Yichong Xu, Shuohang Wang, Ruochen Xu, and Chenguang Zhu. Gpteval: Nlg evaluation using gpt-4 with better human alignment. arXiv preprint arXiv:2303.16634, 2023b. URL https://arxiv.org/abs/2303.16634. Ximing Lu, Sean Welleck, Jack Hessel, Liwei Jiang, Lianhui Qin, Peter West, Prithviraj Am- manabrolu, and Yejin Choi. QUARK: Controllable text generation with reinforced unlearning. In Advances in Neural Information Processing Systems, 2022. URL https://openreview. net/forum?id=5HaIds3ux5O. Hongyin Luo, Yung-Sung Chuang, Yuan Gong, Tianhua Zhang, Yoon Kim, Xixin Wu, Danny Fox, Helen Meng, and James Glass. Sail: Search-augmented instruction learning. arXiv preprint arXiv:2305.15225, 2023. URL https://arxiv.org/abs/2305.15225. Aman Madaan, Niket Tandon, Prakhar Gupta, Skyler Hallinan, Luyu Gao, Sarah Wiegreffe, Uri Alon, Nouha Dziri, Shrimai Prabhumoye, Yiming Yang, Shashank Gupta, Bodhisattwa Prasad Majumder, Katherine Hermann, Sean Welleck, Amir
342	Wiegreffe, Uri Alon, Nouha Dziri, Shrimai Prabhumoye, Yiming Yang, Shashank Gupta, Bodhisattwa Prasad Majumder, Katherine Hermann, Sean Welleck, Amir Yazdanbakhsh, and Peter Clark. Self- refine: Iterative refinement with self-feedback. arXiv preprint arXiv:2303.17651, 2023. URL https://arxiv.org/abs/2303.17651. Alex Mallen, Akari Asai, Victor Zhong, Rajarshi Das, Daniel Khashabi, and Hannaneh Hajishirzi. When not to trust language models: Investigating effectiveness of parametric and non-parametric memories. In Proceedings of the 61st Annual Meeting of the Association for Computational Linguistics (Volume 1: Long Papers) , 2023. URL https://aclanthology.org/2023. acl-long.546. Jacob Menick, Maja Trebacz, Vladimir Mikulik, John Aslanides, Francis Song, Martin Chadwick, Mia Glaese, Susannah Young, Lucy Campbell-Gillingham, Geoffrey Irving, et al. Teaching language models to support answers with verified quotes. arXiv preprint arXiv:2203.11147, 2022. URL
343	pbell-Gillingham, Geoffrey Irving, et al. Teaching language models to support answers with verified quotes. arXiv preprint arXiv:2203.11147, 2022. URL https://arxiv.org/abs/2203.11147. Todor Mihaylov, Peter Clark, Tushar Khot, and Ashish Sabharwal. Can a suit of armor conduct electricity? a new dataset for open book question answering. InProceedings of the 2018 Conference on Empirical Methods in Natural Language Processing, 2018. URL https://aclanthology. org/D18-1260. Sewon Min, Danqi Chen, Hannaneh Hajishirzi, and Luke Zettlemoyer. A discrete hard EM approach for weakly supervised question answering. In Proceedings of the 2019 Conference on Empirical Methods in Natural Language Processing and the 9th International Joint Conference on Natu- ral Language Processing (EMNLP-IJCNLP), 2019. URL https://aclanthology.org/ D19-1284. Sewon Min, Kalpesh Krishna, Xinxi Lyu, Mike Lewis, Wen-tau Yih, Pang Wei Koh, Mohit Iyyer, Luke Zettlemoyer, and Hannaneh Hajishirzi. Factscore: Fine-grained
344	in, Kalpesh Krishna, Xinxi Lyu, Mike Lewis, Wen-tau Yih, Pang Wei Koh, Mohit Iyyer, Luke Zettlemoyer, and Hannaneh Hajishirzi. Factscore: Fine-grained atomic evaluation of factual precision in long form text generation. arXiv preprint arXiv:2305.14251, 2023. URL https: //arxiv.org/abs/2305.14251. Reiichiro Nakano, Jacob Hilton, Suchir Balaji, Jeff Wu, Long Ouyang, Christina Kim, Christopher Hesse, Shantanu Jain, Vineet Kosaraju, William Saunders, et al. Webgpt: Browser-assisted question-answering with human feedback. arXiv preprint arXiv:2112.09332, 2021. URL https: //arxiv.org/abs/2112.09332. Jianmo Ni, Chen Qu, Jing Lu, Zhuyun Dai, Gustavo Hernandez Abrego, Ji Ma, Vincent Zhao, Yi Luan, Keith Hall, Ming-Wei Chang, and Yinfei Yang. Large dual encoders are generalizable retrievers. In Proceedings of the 2022 Conference on Empirical Methods in Natural Language Processing, 2022. URL https://aclanthology.org/2022.emnlp-main.669. OpenAI. Gpt-4 technical report. arXiv preprint
345	pirical Methods in Natural Language Processing, 2022. URL https://aclanthology.org/2022.emnlp-main.669. OpenAI. Gpt-4 technical report. arXiv preprint arXiv:2303.08774, 2023. URL https://arxiv. org/abs/2303.08774. Long Ouyang, Jeffrey Wu, Xu Jiang, Diogo Almeida, Carroll Wainwright, Pamela Mishkin, Chong Zhang, Sandhini Agarwal, Katarina Slama, Alex Gray, John Schulman, Jacob Hilton, Fraser Kelton, Luke Miller, Maddie Simens, Amanda Askell, Peter Welinder, Paul Christiano, Jan Leike, and 13
346	Preprint. Ryan Lowe. Training language models to follow instructions with human feedback. InAdvances in Neural Information Processing Systems, 2022. URL https://openreview.net/forum? id=TG8KACxEON. Debjit Paul, Mete Ismayilzada, Maxime Peyrard, Beatriz Borges, Antoine Bosselut, Robert West, and Boi Faltings. Refiner: Reasoning feedback on intermediate representations. arXiv preprint arXiv:2304.01904, 2023. URL https://arxiv.org/abs/2304.01904. Fabio Petroni, Aleksandra Piktus, Angela Fan, Patrick Lewis, Majid Yazdani, Nicola De Cao, James Thorne, Yacine Jernite, Vladimir Karpukhin, Jean Maillard, Vassilis Plachouras, Tim Rockt¨aschel, and Sebastian Riedel. KILT: a benchmark for knowledge intensive language tasks. In Proceedings of the 2021 Conference of the North American Chapter of the Association for Computational Linguistics: Human Language Technologies, 2021. URL https://aclanthology.org/ 2021.naacl-main.200. Krishna Pillutla, Swabha Swayamdipta, Rowan Zellers, John Thickstun,
347	n Language Technologies, 2021. URL https://aclanthology.org/ 2021.naacl-main.200. Krishna Pillutla, Swabha Swayamdipta, Rowan Zellers, John Thickstun, Sean Welleck, Yejin Choi, and Zaid Harchaoui. MAUVE: Measuring the gap between neural text and human text using divergence frontiers. In Advances in Neural Information Processing Systems, 2021. URL https: //openreview.net/forum?id=Tqx7nJp7PR. Samyam Rajbhandari, Jeff Rasley, Olatunji Ruwase, and Yuxiong He. Zero: Memory optimizations toward training trillion parameter models. In Proceedings of the International Conference for High Performance Computing, Networking, Storage and Analysis, 2020. URL https://dl.acm. org/doi/10.5555/3433701.3433727. Ori Ram, Yoav Levine, Itay Dalmedigos, Dor Muhlgay, Amnon Shashua, Kevin Leyton-Brown, and Yoav Shoham. In-context retrieval-augmented language models. Transactions of the Association for Computational Linguistics, 2023. URL https://arxiv.org/abs/2302.00083. Victor Sanh, Albert Webson, Colin
348	e models. Transactions of the Association for Computational Linguistics, 2023. URL https://arxiv.org/abs/2302.00083. Victor Sanh, Albert Webson, Colin Raffel, Stephen Bach, Lintang Sutawika, Zaid Alyafeai, Antoine Chaffin, Arnaud Stiegler, Arun Raja, Manan Dey, M Saiful Bari, Canwen Xu, Urmish Thakker, Shanya Sharma Sharma, Eliza Szczechla, Taewoon Kim, Gunjan Chhablani, Nihal Nayak, De- bajyoti Datta, Jonathan Chang, Mike Tian-Jian Jiang, Han Wang, Matteo Manica, Sheng Shen, Zheng Xin Yong, Harshit Pandey, Rachel Bawden, Thomas Wang, Trishala Neeraj, Jos Rozen, Abheesht Sharma, Andrea Santilli, Thibault Fevry, Jason Alan Fries, Ryan Teehan, Teven Le Scao, Stella Biderman, Leo Gao, Thomas Wolf, and Alexander M Rush. Multitask prompted training enables zero-shot task generalization. In International Conference on Learning Representations, 2022. URL https://openreview.net/forum?id=9Vrb9D0WI4. Timo Schick, Jane Dwivedi-Yu, Roberto Dess`ı, Roberta Raileanu, Maria Lomeli, Luke Zettlemoyer,
349	2022. URL https://openreview.net/forum?id=9Vrb9D0WI4. Timo Schick, Jane Dwivedi-Yu, Roberto Dess`ı, Roberta Raileanu, Maria Lomeli, Luke Zettlemoyer, Nicola Cancedda, and Thomas Scialom. Toolformer: Language models can teach themselves to use tools. arXiv preprint arXiv:2302.04761, 2023. URL https://arxiv.org/abs/2302. 04761. John Schulman, Filip Wolski, Prafulla Dhariwal, Alec Radford, and Oleg Klimov. Proximal policy optimization algorithms. arXiv preprint arXiv:1707.06347, 2017. URL https://arxiv.org/ abs/1707.06347. Freda Shi, Xinyun Chen, Kanishka Misra, Nathan Scales, David Dohan, Ed H. Chi, Nathanael Sch¨arli, and Denny Zhou. Large language models can be easily distracted by irrelevant context. In Proceedings of the 40th International Conference on Machine Learning, 2023. URL https: //proceedings.mlr.press/v202/shi23a.html. Ivan Stelmakh, Yi Luan, Bhuwan Dhingra, and Ming-Wei Chang. ASQA: Factoid questions meet long- form answers. In Proceedings of the 2022 Conference on
350	Ivan Stelmakh, Yi Luan, Bhuwan Dhingra, and Ming-Wei Chang. ASQA: Factoid questions meet long- form answers. In Proceedings of the 2022 Conference on Empirical Methods in Natural Language Processing, 2022. URL https://aclanthology.org/2022.emnlp-main.566. James Thorne, Andreas Vlachos, Christos Christodoulopoulos, and Arpit Mittal. FEVER: a large- scale dataset for fact extraction and VERification. In Proceedings of the 2018 Conference of the North American Chapter of the Association for Computational Linguistics: Human Language Tech- nologies, Volume 1 (Long Papers), 2018. URL https://aclanthology.org/N18-1074. 14
351	Preprint. Hugo Touvron, Louis Martin, Kevin Stone, Peter Albert, Amjad Almahairi, Yasmine Babaei, Nikolay Bashlykov, Soumya Batra, Prajjwal Bhargava, Shruti Bhosale, et al. Llama 2: Open foundation and fine-tuned chat models. arXiv preprint arXiv:2307.09288, 2023. URL https://arxiv. org/abs/2307.09288. Yizhong Wang, Hamish Ivison, Pradeep Dasigi, Jack Hessel, Tushar Khot, Khyathi Raghavi Chandu, David Wadden, Kelsey MacMillan, Noah A Smith, Iz Beltagy, et al. How far can camels go? exploring the state of instruction tuning on open resources. arXiv preprint arXiv:2306.04751, 2023. URL https://arxiv.org/abs/2306.04751. Jason Wei, Maarten Bosma, Vincent Zhao, Kelvin Guu, Adams Wei Yu, Brian Lester, Nan Du, Andrew M. Dai, and Quoc V Le. Finetuned language models are zero-shot learners. InInternational Conference on Learning Representations, 2022. URL https://openreview.net/forum? id=gEZrGCozdqR. Zeqiu Wu, Yushi Hu, Weijia Shi, Nouha Dziri, Alane Suhr, Prithviraj Ammanabrolu, Noah A Smith,
352	2022. URL https://openreview.net/forum? id=gEZrGCozdqR. Zeqiu Wu, Yushi Hu, Weijia Shi, Nouha Dziri, Alane Suhr, Prithviraj Ammanabrolu, Noah A Smith, Mari Ostendorf, and Hannaneh Hajishirzi. Fine-grained human feedback gives better rewards for language model training. arXiv preprint arXiv:2306.01693, 2023. URL https: //arxiv.org/abs/2306.01693. Yuxi Xie, Kenji Kawaguchi, Yiran Zhao, Xu Zhao, Min-Yen Kan, Junxian He, and Qizhe Xie. Decom- position enhances reasoning via self-evaluation guided decoding.arXiv preprint arXiv:2305.00633, 2023. URL https://arxiv.org/abs/2305.00633. Fangyuan Xu, Weijia Shi, and Eunsol Choi. Recomp: Improving retrieval-augmented lms with compression and selective augmentation, 2023. URL https://arxiv.org/abs/2310. 04408. Ori Yoran, Tomer Wolfson, Ori Ram, and Jonathan Berant. Making retrieval-augmented language models robust to irrelevant context, 2023. URL https://arxiv.org/abs/2310.01558. Xiang Yue, Boshi Wang, Kai Zhang, Ziru Chen, Yu Su, and Huan Sun.
353	age models robust to irrelevant context, 2023. URL https://arxiv.org/abs/2310.01558. Xiang Yue, Boshi Wang, Kai Zhang, Ziru Chen, Yu Su, and Huan Sun. Automatic evaluation of attribution by large language models. arXiv preprint arXiv:2305.06311, 2023. URL https: //arxiv.org/abs/2305.06311. Tianhua Zhang, Hongyin Luo, Yung-Sung Chuang, Wei Fang, Luc Gaitskell, Thomas Hartvigsen, Xixin Wu, Danny Fox, Helen Meng, and James Glass. Interpretable unified language checking. arXiv preprint arXiv:2304.03728, 2023. URL https://arxiv.org/abs/2304.03728. Andy Zhou, Kai Yan, Michal Shlapentokh-Rothman, Haohan Wang, and Yu-Xiong Wang. Language agent tree search unifies reasoning acting and planning in language models, 2023. URL https: //arxiv.org/abs/2310.04406. Daniel M Ziegler, Nisan Stiennon, Jeffrey Wu, Tom B Brown, Alec Radford, Dario Amodei, Paul Christiano, and Geoffrey Irving. Fine-tuning language models from human preferences. arXiv preprint arXiv:1909.08593, 2019. URL
354	rd, Dario Amodei, Paul Christiano, and Geoffrey Irving. Fine-tuning language models from human preferences. arXiv preprint arXiv:1909.08593, 2019. URL https://arxiv.org/abs/1909.08593. 15
355	Preprint. APPENDIX A S ELF -R AG Details 17 A.1 Reflection Tokens. . . . . . . . . . . . . . . . . . . . . . . . . . . . . . . . . . . 17 A.2 S ELF -R AG Training . . . . . . . . . . . . . . . . . . . . . . . . . . . . . . . . . . 17 A.3 S ELF -R AG Inference . . . . . . . . . . . . . . . . . . . . . . . . . . . . . . . . . 19 B Experimental Details 19 B.1 More Details of Training . . . . . . . . . . . . . . . . . . . . . . . . . . . . . . . 19 B.2 More Details of Evaluations . . . . . . . . . . . . . . . . . . . . . . . . . . . . . 20 C Results 20 C.1 Analysis . . . . . . . . . . . . . . . . . . . . . . . . . . . . . . . . . . . . . . . . 20 C.2 Human Evaluation Examples . . . . . . . . . . . . . . . . . . . . . . . . . . . . . 21 C.3 Qualitative Examples . . . . . . . . . . . . . . . . . . . . . . . . . . . . . . . . . 21 D Full List of Instructions and Demonstrations for GPT-4 21 16
356	Preprint. A S ELF -R AG DETAILS A.1 R EFLECTION TOKENS . Definitions of reflection tokens. Below, we provide a detailed definition of reflection type and output tokens. The first three aspects will be provided at each segment level, while the final aspect is only given at each output level. • Retrieval-on-demand ( Retrieve ): Given an input and previous-step generation (if applicable), an LM determines whether the continuation requires factual grounding. No indicates retrieval is unnecessary as the sequence does not require factual grounding or may not be enhanced by knowledge retrieval, Yes indicates retrieval is necessary. We additionally have continue to use evidence , which indicates that a model can continue to use the evidence retrieved previously. For instance, a passage may contain rich factual information, and thus SELF -RAG generates multiple segments based on the passage. • Relevant ( ISREL ): Retrieved knowledge may not be always relevant to the input. This aspect
357	-RAG generates multiple segments based on the passage. • Relevant ( ISREL ): Retrieved knowledge may not be always relevant to the input. This aspect indicates whether the evidence provides useful information (Relevant) or not (Irrelevant). • Supported ( ISSUP ): Attribution is the concept of whether the output is fully supported by certain evidence (Menick et al., 2022; Bohnet et al., 2022). This aspect judges how much infor- mation in the output is entailed by the evidence. We evaluate attributions in three scale, Fully supported, Partially supported , and No support / Contradictory , follow- ing Yue et al. (2023); Nakano et al. (2021). • Useful ( ISUSE ): Following the definitions from Liu et al. (2023a), we define the perceived utility as whether the response is a helpful and informative answer to the query, independently from whether it is in fact factual or not. This can be also viewed as plausibility in Menick et al. (2022). For usefulness, we use a five-scale evaluation (1 is
358	er it is in fact factual or not. This can be also viewed as plausibility in Menick et al. (2022). For usefulness, we use a five-scale evaluation (1 is the lowest and 5 is the highest). Details of GPT-4-based data collections. We use the instruction and demonstration pairs to prompt GPT-4, listed in Section D. Following an official recommendation, we separate instructions and outputs with “##”. We use the temperature 1 and set the maximum output token counts to be 200. We discard instances where GPT-4 does not follow the designated output formats or output sequences that do not match our expected category names. As a result, we collected 1,2594 for Retrieve , 11,181 for ISSUP , 19,317 for relevance, 3,831 for utility. Manual analysis of the GPT-4 predictions. The authors of this paper manually assess randomly sampled 20 instances for each aspect and check if GPT-4 predictions match their assessments given the same instruction, demonstrations, and test instances. We found our
359	es for each aspect and check if GPT-4 predictions match their assessments given the same instruction, demonstrations, and test instances. We found our assessments show high agreement with GPT-4 predictions, especially for relevance (95%), retrieval necessity (95%), and the degree of support (90%). Agreement was slightly lower in usefulness (80%), mostly due to the disagreement between 1 and 2 or 4 and 5. A.2 S ELF -R AG TRAINING Overview of training. Algorithm 2 provides a high-level overview of our training. Full list of seed datasets. To sample diverse input-output pairs, we sample instances of the Open- Instruct (Wang et al., 2023) dataset. In particular, we use their ShareGPT, GPT-4 Alpaca, Alpaca, OpenAssistant, and FLAN subsets subsets. We also sample instances from a couple of knowledge- intensive datasets, Natural Questions (Kwiatkowski et al., 2019), Wizard of Wikipedia (Dinan et al., 2019) and FEVER (Thorne et al., 2018) from the KILT benchmark (Petroni et al., 2021), ASQA
360	iatkowski et al., 2019), Wizard of Wikipedia (Dinan et al., 2019) and FEVER (Thorne et al., 2018) from the KILT benchmark (Petroni et al., 2021), ASQA (Stel- makh et al., 2022) and multiple QA datasets including ARC-Easy and OpenBookQA (Mihaylov et al., 2018). Table 3 shows the full list of training instances, and in total, we use 145,619 instances. Performance of the CriticC. We evaluate the accuracy of reward predictions by splitting GPT-4 generated feedback into training, development, and test sets. The accuracy of the reward model is as follows. Table 5 shows the model performance of predicting GPT-4 judgments. As you can see, overall our fine-tuned reward model shows high prediction matching with GPT-4 predicted feedback. 17
361	Preprint. Algorithm 2 SELF -R AG Training 1: Input input-output dataD ={X,Y}, generatorM,Cθ 2: InitializeC with a pre-trained LM 3: Sample data{X sample,Y sample}∼{ X,Y} ▷ Training Critic LM (Section 3.2.1) 4: for (x,y )∈ (X sample,Y sample) do ▷ Data collections forC 5: Prompt GPT-4 to collect a reflection tokenr for (x,y ) 6: Add{(x,y,r )} toDcritic 7: UpdateC with next token prediction loss ▷ Critic learning; Eq. 1 8: InitializeM with a pre-trained LM ▷ Training Generator LM (Section 3.2.2) 9: for (x,y )∈ (X,Y ) do ▷ Data collection forM withDcritic 10: RunC to predictr given (x,y ) 11: Add (x,y,r ) toDgen 12: UpdateM onDgen with next token prediction loss ▷ Generator LM learning; Eq. 2 Dataset name category Data source the number of instances GPT-4 Alpaca Instruction-following Open-Instruct 26,168 Stanford Alpaca Instruction-following Open-Instruct 25,153 FLAN-V2 Instruction-following Open-Instruct 17,817 ShareGPT Instruction-following Open-Instruct 13,406 Open Assistant 1
362	following Open-Instruct 25,153 FLAN-V2 Instruction-following Open-Instruct 17,817 ShareGPT Instruction-following Open-Instruct 13,406 Open Assistant 1 Instruction-following Open-Instruct 9,464 Wizard of Wikipedia Knowledge-intensive KILT 17,367 Natural Questions Knowledge-intensive KILT 15,535 FEVER Knowledge-intensive KILT 9,966 OpenBoookQA Knowledge-intensive HF Dataset 4,699 Arc-Easy Knowledge-intensive HF Dataset 2,147 ASQA Knowledge-intensive ASQA 3,897 Table 3: The generator LMM training data statistics. base LM Retrieve ISSUP ISREL ISUSE Llama2-7B 93.8 93.5 80.2 73.5 FLAN-3B 85.6 73.1 82.0 72.1 Figure 5: Reward prediction accuracy using GPT-4 predictions as ground-truth predictions. While our final model uses Llama2-7B as a base LM, we also train and compare FLAN-3B (Wei et al., 2022) model on the same data, to investigate the effectiveness of different data sizes affect final reward predictions. In most aspects, our reward model shows higher than 80% accuracy, indicating the
363	ffectiveness of different data sizes affect final reward predictions. In most aspects, our reward model shows higher than 80% accuracy, indicating the powerful ability of fine-tuned specialized LMs to evaluate text. While both models show relatively lower performance on ISUSE , this is because both models often confuse between the two highest cases (5 and 4), where human annotators can also disagree. Details ofM data creation. Here, we provide detailed data creation procedures. Algorithm 3 summarizes the process. Here we setyt toy for simplification. Once we train the critic model, we first run it on input data from the aforementioned datasets, to predict whether retrieval is needed or not. For the instances where the critic predicts Retrieve =No, we only predict the ISUSE given input and output. For the instances where the critic predicts Retrieve =Yes, we first retrieve passages using the input and the entire output as queries, to find passages that are relevant to the entire
364	predicts Retrieve =Yes, we first retrieve passages using the input and the entire output as queries, to find passages that are relevant to the entire output. We then split output sentences using Spacy.7 For each sentence, we runC to predict whether the retrieval is necessary or not, given the input, preceding segments, and the initial retrieved passage. IfC predicts Retrieve =No, then do not insert any paragraph at the tth segment. IfC predicts Retrieve =Yes, then we use the original input and the tth segment as a retrieval query to find relevant passages for the t-th segment. For each retrieved passage, we predict ISREL and ISSUP . If there is any passage and continuation with ISREL =Relevant and ISSUP =Fully Supported / ISSUP =Partially 7https://spacy.io/ 18
365	Preprint. Supported, then we sample it as the continuation. If there is more than one passage satisfying this criterion, we use the one with the highest retrieval score. If there are only ISREL =Irrelevant or ISSUP =No Support passages, we randomly sample one passage. Algorithm 3Mgen Data creation 1: Input Input-output dataD =X,Y 2: for (x,y )∈{X,Y} do 3: Given (x,y )C predicts Retrieve 4: if Retrieve is predicted then 5: Retrieve relevant passages D usingR given (x,y ) ▷ Retrieve passages 6: ford∈ D do 7: C predicts ISREL for eachd ▷ Predict relevance of passages 8: C predicts ISSUP for each (y,d ) ▷ Predict supports of outputs 9: C predicts ISUSE for eachd ▷ Predict overall utility (t =T only) 10: Sampled 11: else if Retrieve is not predicted then 12: C predicts ISUSE givenx,y Add augmented (x,y,d,r ) toDgen Training examples. Table 4 show several training examples used forM training. A.3 S ELF -R AG INFERENCE Details of beam-search score calculations. We first compute scores for
366	4 show several training examples used forM training. A.3 S ELF -R AG INFERENCE Details of beam-search score calculations. We first compute scores for each critique type by taking the normalized probabilities of desirable tokens. For ISREL , we compute the score as follows: s( ISREL ) = p( ISREL = RELEVANT ) p( ISREL = RELEVANT ) +p( ISREL = IRRELEVANT ). For ISSUP , we compute the score as follows: s( ISREL ) = p( ISSUP = FULLY) S + 0.5× p( ISSUP = PARTIALLY ) S , whereS = P t∈{FULLY,PARTIALLY ,NO}p( ISSUP =t). For ISUSE where we have a five-scale score, we compute the weighted sum of the scores. We assigns weighted scores ofw ={−1,−0.5, 0, 0.5, 1} to the tokens ISUSE ={1, 2, 3, 4, 5}, and compute the final scores as follows: s( ISUSE ) = 5X i wi p( ISUSE =i) S , whereS = P t∈{1,2,3,4,5}p( ISUSE =t). Details of adaptive retrieval. For retrieval based on soft constraints, we trigger retrieval if the following condition is satisfied: p( Retrieve = YES) p( Retrieve = YES) +p(p( Retrieve
367	etrieval based on soft constraints, we trigger retrieval if the following condition is satisfied: p( Retrieve = YES) p( Retrieve = YES) +p(p( Retrieve = NO) >δ. B E XPERIMENTAL DETAILS B.1 M ORE DETAILS OF TRAINING More details of training and computations. We use 4 Nvidia A100 with 80GB memory to train our models. All models are trained for 3 epochs with a batch size of 128, a peak learning rate of 2e-5 with 3% warmup steps, and linear decay afterward. We set the maximum token length to be 2,048 for the 7B model, and 1,524 for the 13B model due to the memory constraint. We use Deepspeed stage 3 (Rajbhandari et al., 2020) to conduct multi-GPU distributed training, with training precision Bfloat16 enabled. FlashAttention (Dao et al., 2022) is used to make the long-context training more efficient. We run inference of our trained models using 1-2 Quadro RTX 6000 GPUs with 24GB memory. 19
368	Preprint. B.2 M ORE DETAILS OF EVALUATIONS Retrieval setup details. By default, we use Contriever-MS MARCO to retrieve the top five documents from Wikipedia, and use official Wikipedia embeddings based on 2018 English Wikipedia. On PopQA, where question and answer pairs are created based on WikiData in 2022, we found that the 2018 Wikipedia sometimes lacks articles about some entities that have been more recently added to Wikipedia. Therefore, for PopQA, we used the December 2020 preprocessed Wikipedia corpus provided by Izacard et al. (2022b) and generated document embeddings. 8 The issues of performance variance from different Wikipedia dumps have been reported by prior work (Asai et al., 2020; Izacard et al., 2022b). Yet, we observe limited effectiveness of such off-the-shelf retrieval models trained primarily on knowledge-intensive tasks for open-ended generation (e.g., instruction following). Recent or concurrent work studies instruction-tuning of retrieval systems (Asai et al.,
369	tasks for open-ended generation (e.g., instruction following). Recent or concurrent work studies instruction-tuning of retrieval systems (Asai et al., 2023b) or joint training of retrieval and LM components (Lin et al., 2023), while we leave exploring the effectivess of such appraoches for future work. For bio generation and open-domain QA tasks, we additionally retrieve five documents using Google Programmable Search9 and search documents from English Wikipedia. As this API only provides snippets, we retrieve Wikipedia introductory paragraphs for the corresponding entities. Detailed experimental settings for individual datasets. For OpenQA datasets, we set the max- imum new token number to 100 tokens. For closed-set tasks (PubHealth and ARC-C), we set the maximum new token length to 50 for all baselines. For SELF -RAG inference on PubHealth and ARC-C, instead of determining the output with the highest score 4 as in other tasks, we aggregate the scores for each option and select the
370	Health and ARC-C, instead of determining the output with the highest score 4 as in other tasks, we aggregate the scores for each option and select the answer option with the highest score. We found in zero-shot settings of fact checking, some LLMs can generate capitalized class labels (e.g., True) while our gold labels are lower-cased. Therefore, across different LMs, for fact checking, we lowercase the predictions. In multiple choice tasks, we found some models generate answers in slightly different ways (e.g., (A) instead of A). We slightly modify instructions for each LLM to avoid such format violations, and further conduct string matching between each candidate and model predictions if format violations still remain. After that processing, in closed set tasks, model predictions match one of the gold classes in almost all cases. For ALCE, we found that Llama2-chat tend to generate significantly lower outputs than other models (e.g., on average, their output is nearly 100 token,
371	or ALCE, we found that Llama2-chat tend to generate significantly lower outputs than other models (e.g., on average, their output is nearly 100 token, while ChatGPT generates 40 tokens on average), resulting in inflated str-em scores. We limit the maximum generation length to 100 tokens for all baselines to avoid this issue, rather than the original 300 tokens in the ALCE paper. Consequently, all of the baseline output length is within 30-60 tokens. For FactScore, we set the maximum new token length to 500 for baselines and 200 for SELF -R AG at each segment level. Task-specific instructions. Table 5 shows the list of the instructions used during evaluations. For Open-domain QA, we do not provide explicit instructions. C R ESULTS C.1 A NALYSIS Reliance on parametric- and non-parametric memories. We conduct analysis on how frequently model answers come from retrieved passages (non-parametric memories) or their own parametric memories. On two open-domain QA datasets, TriviaQA and PopQA,
372	l answers come from retrieved passages (non-parametric memories) or their own parametric memories. On two open-domain QA datasets, TriviaQA and PopQA, we conduct the following analysis: 1) sample query models successfully answer correctly, 2) for each query in this group, check whether the matched ground-truth answer is a sub-string of the retrieved passage or not. We evaluate SELF -R AG 7B, Alpaca 7B, Alpaca 13B, and Llama2-Chat-13B. We found that SELF -R AG significantly less frequently generates answers that are not included in the provided evidence; in particular, in Alpaca 30B, 20% of the correct predictions are not included in the provided passages, followed by Llama2-chat 13B (18%) and Alpaca (15%), while it is only 2% in SELF -RAG. When retrieved passages are not relevant, SELF -R AG generates ISREL =Irrelevant, indicating that the following answers may not be factually grounded, while those instruction-tuned models continue to generate plausible answers.
373	ant, indicating that the following answers may not be factually grounded, while those instruction-tuned models continue to generate plausible answers. 8https://github.com/facebookresearch/atlas 9https://programmablesearchengine.google.com/about/ 20
374	Preprint. C.2 H UMAN EVALUATION EXAMPLES Table 6 shows examples with human evaluations on S&P and correctness of ISREL and ISSUP reflection tokens. C.3 Q UALITATIVE EXAMPLES Table 7 shows several examples predicted by ourSELF -RAG (13B). The first example is the model output to an ASQA question. The first reference states that Emperor Constantine made Sunday a day of rest from labor, and further the second citation supports the fact that the official adoption of Sunday as a day of rest by Constantine in AD 321. In the second example, the model predicts Contradictory to the first output as the output says the person has served as the CEO since 2010, while the passage says he stepped down as CEO in 2015. Indicating those factual contradictions as reflection tokens enables to enforcement of hard control and also verification of model outputs easily. In the third example, while the generation is mostly correct, SELF -R AG predicts Partially Support to the statement listing the name of the
375	s easily. In the third example, while the generation is mostly correct, SELF -R AG predicts Partially Support to the statement listing the name of the songs, as they were not explicitly mentioned. D F ULL LIST OF INSTRUCTIONS AND DEMONSTRATIONS FOR GPT-4 Here, we show the instructions and demonstrations used to prompt GPT-4 to collect reflection tokens. Table 8 shows the instructions and demonstrations for the initial retrieval token. Table 9 shows the instruction and demonstrations used to collect the three-way output tokens for Retrieve given instruction, preceding sentences, and previously retrieved passages. Due to the longer demonstration and test input, we only use a single demonstration. Table 10 shows an instruction and demonstrations used to collect the three-way output tokens for ISREL . Table 11 shows an instruction and demon- strations used to collect the three-way output tokens for ISREL . Table 12 shows an instruction and demonstrations used to collect the five-way
376	demon- strations used to collect the three-way output tokens for ISREL . Table 12 shows an instruction and demonstrations used to collect the five-way output tokens for ISUSE . 21
377	Preprint. Input Identify the two types of computer memory. (from gpt4 alpaca) Output [ Retrieve =Yes]<p>Computer memory Computer memory – In computing, memory refers to the computer hardware integrated circuits that store information for immediate use in a computer; it is synonymous with the term “primary storage”. Computer memory operates at a high speed, for example random-access memory (RAM), as a distinction from storage that provides slow-to-access information but offers higher capacities. If needed, contents of the computer memory can be transferred to secondary storage; a very common way of doing this is through a memory management technique called “virtual memory”. An archaic synonym for memory is store. The term “memory”, meaning “primary storage” or “main memory”, is<p>[ ISREL =Relevant]Primary memory, also known as main memory, is the memory that the computer can directly access and manipulate. [ ISSUP =Fully Supported ] [ Retrieve =Yes]<p>Computer memory–often associated
378	ry, is the memory that the computer can directly access and manipulate. [ ISSUP =Fully Supported ] [ Retrieve =Yes]<p>Computer memory–often associated with addressable semiconductor memory, i.e. integrated circuits consisting of silicon-based transistors, used for example as primary storage but also other purposes in computers and other digital electronic devices. There are two main kinds of semiconductor memory, volatile and non-volatile. Examples of non-volatile memory are flash memory (used as secondary memory) and ROM, PROM, EPROM and EEPROM memory (used for storing firmware such as BIOS). Examples of volatile memory are primary storage, which is typically dynamic random-access memory (DRAM), and fast CPU cache memory, which is typically static random-access memory (SRAM) that is fast but energy-consuming, offering lower memory<p>[ ISREL =Relevant]Primary memory can be accessed quickly, but it is volatile, meaning that the data is lost if the power is turned off.[ ISSUP =Partially
379	SREL =Relevant]Primary memory can be accessed quickly, but it is volatile, meaning that the data is lost if the power is turned off.[ ISSUP =Partially Supported]...[ ISUSE :5] Input Give an example of a situation where you have to delegate tasks (from gpt4 alpaca) Output [ Retrieve =No]The manager realizes that there is an extensive list of tasks that need to be completed in order to make the event a success.[ Retrieve =Yes]<p>Delegation–Delegation is the assignment of any responsi- bility or authority to another person (normally from a manager to a subordinate) to carry out specific activities. It is one of the core concepts of management leadership. However, the person who delegated the work remains accountable for the outcome of the delegated work. Delegation empowers a subordinate to make decisions, i.e. it is a shifting of decision-making authority from one organizational level to a lower one. Delegation, if properly done, is not fabrication. The opposite of effective delegation
380	-making authority from one organizational level to a lower one. Delegation, if properly done, is not fabrication. The opposite of effective delegation is micromanagement, where a manager provides too much input,<p>[ ISREL =Relevant]This includes tasks such as creating a guest list, designing and sending in- vitations, booking a venue, coordinating with vendors, planning the event´s program, and monitoring the budget.[ ISSUP =Partially Supported ][ Retrieve =No]Since it is not possible for the manager to handle everything alone, they must delegate tasks to their team members.[ Retrieve =No]The manager would then assign each team member specific responsibilities based on their individual skillsets and strengths.[ Retrieve =Yes]<p>Joint application design – Subject Matter Experts: These are the business users, the IS professionals, and the outside experts that will be needed for a successful workshop. This group is the backbone of the meeting<p>[ ISREL =Irrelevant]For instance, the
381	d the outside experts that will be needed for a successful workshop. This group is the backbone of the meeting<p>[ ISREL =Irrelevant]For instance, the team´s graphic designer might be tasked with designing the invitations, while the event coordinator would be in charge of planning the program and working with vendors...[ Retrieve =No]By delegating tasks, the manager can ensure that all necessary tasks are completed in a timely manner, while also empowering their team members to take on responsibilities and contribute to the success of the event.[ ISUSE =5] Input Synthesize a poem based on this prompt:“The sun is setting” (from stanford alpaca) Output [ Retrieve =No]The stars begin to twinkle bright the trees, scattered throughout the night; [ Retrieve =No]The stars begin to twinkle bright the trees, scattered throughout the night [ Retrieve =No] They flicker like a silent dance, A peaceful moment in its trance. [ Retrieve =No] They flicker like a silent dance, A peaceful moment in its
382	eve =No] They flicker like a silent dance, A peaceful moment in its trance. [ Retrieve =No] They flicker like a silent dance, A peaceful moment in its trance. [ Retrieve =No] A chorus of crickets sing a lullaby, To every creature that roams the sky [ ISUSE =5] Input when did walking dead season 7 come out (from nq) Output [ Retrieve =Yes]<p>The Walking Dead (season 7)–The Walking Dead (season 7) The seventh season of “The Walking Dead”, an American post-apocalyptic horror television series on AMC, premiered on October 23, 2016, and concluded on April 2, 2017, consisting of 16 episodes. Developed for television by Frank Darabont, the series is based on the eponymous series of comic books by Robert Kirkman, Tony Moore, and Charlie Adlard. ...<p>[ ISREL =Relevant]October 23 , 2016[ ISSUP =Fully Supported ][ ISUSE =5] Input Given a chat history separated by new lines, generates an informative, knowledgeable and engaging response: Hello, I love German shepherd dogs and you? – My favorite
383	story separated by new lines, generates an informative, knowledgeable and engaging response: Hello, I love German shepherd dogs and you? – My favorite dog, they are officially known as German Shepherd Dogs? – Yes, I have a German shepherd in my house and she is pregnant (from wow) Output hey also are easily trained, obedient, and intelligent.[ Retrieve =Yes]<p>German Shepherd – a simple difference of opinion, it is the fundamental issue of the breed´s essential conformation and movement. ... They are known for being easy to train and good for performing tasks and following instructions. They are especially well known for their police work, being used for tracking criminals, patrolling troubled areas and detecting and holding suspects. <p>[ ISREL =Relevant]Because of this, they are often used for disability assistance and for police work. [ ISSUP =Partially Supported ][ ISUSE =2] Table 4: List of the training examples. 22
384	Preprint. Dataset Instruction ARC-C Given four answer candidates, A, B, C and D, choose the best answer choice. Please answer with the capitalized alphabet only, without adding any extra phrase or period. PubHealth Is the following statement correct or not? Say true if it’s correct; otherwise, say false. Don’t capitalize or add periods, just say “true” or “false”. Bio Generation Tell me a bio about [Person Name] ASQA (baseline) Instruction: Write an accurate, engaging, and concise answer for the given question using only the provided search results (some of which might be irrelevant) and cite them properly. Use an unbiased and journalistic tone. Always cite for any factual claim. When citing several search results, use [1][2][3]. Cite at least one document and at most three documents in each sentence. If multiple documents support the sentence, only cite a minimum sufficient subset of the documents. ASQA (ours) Answer the following question. The question may be ambiguous and have
385	he sentence, only cite a minimum sufficient subset of the documents. ASQA (ours) Answer the following question. The question may be ambiguous and have multiple correct answers, and in that case, you have to provide a long-form answer including all correct answers. Table 5: Full list of instructions used during zero-shot evaluations. For open-domain QA, we don’t use any task specific instruction and simply use the original questions as input query. 23
386	Preprint. Input What genre is A Question and Answer Guide to Astronomy? (PopQA) Output [ Retrieve =Yes] <p>Reference [1]<p>[ ISREL =Relevant] A Question and Answer Guide to As- tronomy is a non-fiction book that falls under the genre of Astronomy and Cosmology. [ ISSUP =Fully Supported][ ISUSE =5] Reference [1] A Question and Answer Guide to Astronomy is a book about astronomy and cosmology, and is intended for a general audience. The book was written by Pierre-Yves Bely, Carol Christian, and Jean-Rene Roy, and published in English by Cambridge University Press in 2010. It was originally written in French. The content within the book is written using a question and answer format. It contains some 250 questions, which The Science Teacher states each are answered with a concise and well-formulated essay that is informative and readable. The Science Teacher review goes on to state that many of the answers given in the book are little gems of science writing. The Science Teacher
387	adable. The Science Teacher review goes on to state that many of the answers given in the book are little gems of science writing. The Science Teacher summarizes by stating that each question is likely to be thought of by a student, and that the answers are informative, well constructed, and thorough. The book covers information about the planets, the Earth, the Universe, practical astronomy, history, and awkward questions such as astronomy in the Bible, UFOs, and aliens. Also covered are subjects such as the Big Bang, comprehension of large numbers, and the Moon illusion. S&P Supported and Plausible. Correctness of ISREL and ISSUP : Both ISREL and ISSUP are correct, as the Reference [1] provides detailed information of the book including the genre, and the model output is fully supported by the reference. Input Who is the author of The Lie? (PopQA) Output [ Retrieve =Yes] <p>Reference [1]<p>[ ISREL =Relevant] The author of The Lie is Sam Harris.[ ISSUP =Fully Supported ][ ISUSE =5]
388	e Lie? (PopQA) Output [ Retrieve =Yes] <p>Reference [1]<p>[ ISREL =Relevant] The author of The Lie is Sam Harris.[ ISSUP =Fully Supported ][ ISUSE =5] Reference [1] Lying is a 2011 long-form essay book by American author and neuroscience expert Sam Harris. Harris argues that we can radically simplify our lives and improve society by merely telling the truth in situations where others often lie. S&P Plausible but not supported. Correctness of ISREL and ISSUP Both ISREL and ISSUP are incorrect, as the Reference [1] is about a different book whose title is similar to The Lie. Input Tell me a bio about Ronaldinho (Bio) Output [ Retrieve =Yes] <p>Reference [1]<p>[ ISREL =Relevant] Ronaldinho is a retired professional footballer from Brazil.[ ISSUP =Fully Supported ][ Retrieve =Continue]He played as an attacking midfielder and was known for his technical skills, creativity, dribbling ability, and accuracy from free kicks[ Retrieve =Continue]He won two FIFA World Player of the Year awards
389	his technical skills, creativity, dribbling ability, and accuracy from free kicks[ Retrieve =Continue]He won two FIFA World Player of the Year awards and a Ballon d’Or.[ ISUSE =5] Reference [1] Ronaldo de Assis Moreira (born 21 March 1980), commonly known as Ronaldinho Ga´ucho or simply Ronaldinho, is a Brazilian retired professional footballer who played mostly as an attacking midfielder, but was also deployed as a winger. Considered one of the best players of his generation and regarded by many as one of the greatest of all time, Ronaldinho won two FIFA World Player of the Year awards and a Ballon d’Or. A global icon of the sport, he was renowned for his technical skills, creativity, dribbling ability and accuracy from free-kicks, as well as his use of tricks, feints, no-look passes and overhead... S&P Plausible and fully supported. Correctness of ISREL and ISSUP Both ISREL and ISSUP are correct. Input Tell me a bio about Sergei Bodrov (Bio) Output [ Retrieve =Yes] <p>Reference [1]
390	orrectness of ISREL and ISSUP Both ISREL and ISSUP are correct. Input Tell me a bio about Sergei Bodrov (Bio) Output [ Retrieve =Yes] <p>Reference [1] <p>[ ISREL =Relevant] Sergei Vladimirovich Bodrov (born June 28, 1948) is a Russian film director, screenwriter, and producer.[ ISSUP =Fully Supported][ Retrieve =Continue]He was born in Moscow, Russia.[ Retrieve =Continue]He is the presi- dent of the Russian Guild of Film Producers.[ ISUSE =5] Reference [1] Sergei Vladimirovich Bodrov (born June 28, 1948) is a Russian film director, screenwriter, and producer. In 2003 he was the President of the Jury at the 25th Moscow International Film Festival. S&P Plausible but only partially supported. The the Reference [1] does not explicitly mention the person is born in Moscow and there is no description about the Russian Guild of Film Producers. Correctness of ISREL and ISSUP ISREL and ISSUP are correct as the reference document is highly relevant and the first sentence is fully supported.
391	rs. Correctness of ISREL and ISSUP ISREL and ISSUP are correct as the reference document is highly relevant and the first sentence is fully supported. Table 6: Examples of human evaluation results. 24
392	Preprint. Input When did sunday became the seventh day of the week (asqa) Output [ Retrieve =Yes] <p>Reference [1]<p>[ ISREL =Relevant] In 321 AD, the Roman Emperor Con- stantine the Great made Sunday a day of rest from labor, stating: “On the venerable Day of the Sun let the magistrates and people residing in cities rest, and let all workshops be closed”.[ ISSUP =Fully Supported ] [ Retrieve =Yes] <p>Reference [2]<p>[ ISREL =Relevant] The official adoption of Sunday as a day of rest by Constantine the Great in AD 321 made Sunday the seventh day of the week. [2][ ISSUP =Fully Supported][ ISUSE =5] Reference [1] Emperor Constantine then enacted the first Sunday Laws, for “the venerable Day of the Sun” in 321 A.D. On March 7, 321, the Roman emperor Constantine issued a decree making Sunday a day of rest from labor, stating: We find a good description of this in sources such as the book Rest Days which states: Early Christian observance of both the spiritual seventh-day sabbath and a
393	ood description of this in sources such as the book Rest Days which states: Early Christian observance of both the spiritual seventh-day sabbath and a Lord´s Day assembly is evidenced in Ignatius´s letter to the Magnesians ca. 110. Reference [2] Despite the official adoption of Sunday as a day of rest by Constantine, the seven-day week and the nundial cycle continued to be used side-by-side until at least the Calendar of 354 and probably later. ... The fact that the canon had to be issued at all is an indication that adoption of Constantine’s decree of 321 was still not universal ... Input Tell me a bio about Rory Tapner. (bio generation ) Output <p>Reference [1]<p>[ ISREL =Relevant] Rory Tapner is a British businessman who has served as the Chief Executive Officer of Coutts, a private banking and wealth management company, since 2010.[ ISSUP =Contradictory], Reference [2]<p>[ ISREL =Relevant] Rory Tapner was born on 30 September 1959 in London, England.[ ISSUP =Fully Supported ]
394	10.[ ISSUP =Contradictory], Reference [2]<p>[ ISREL =Relevant] Rory Tapner was born on 30 September 1959 in London, England.[ ISSUP =Fully Supported ] Reference [1] Rory Tapner Rory Tapner is a UK businessman who, in September 2010 was appointed CEO of Coutts, the Wealth Management division of Royal Bank of Scotland Group. In February 2015 he stepped down as CEO when he was replaced in the role by Alison Rose Reference [2] Holdings (from August 2016); and the Council of the University of Buckingham (from July 2017). Rory Tapner Rory Tapner (born 30 September 1959) is a UK businessman ... Input Tell me a bio about G. Venugopa. (bio generation ) Output (ranked 1) [ Retrieve =Yes] <p>Reference [1]<p>[ ISREL =Relevant] G. Venugopal is a popu- lar playback singer in the Malayalam film industry. [ Retrieve =Continue] He has sung over 300 songs in Malayalam, Tamil, and Hindi movies.[ ISSUP =Partially Supported ] [ Retrieve =Yes] <p>Reference [2]<p>G. Venugopal was born on December 10, 1960
395	gs in Malayalam, Tamil, and Hindi movies.[ ISSUP =Partially Supported ] [ Retrieve =Yes] <p>Reference [2]<p>G. Venugopal was born on December 10, 1960 in India.[ ISSUP =Fully Supported ] Reference [1] ’G. Venugopal G Venugopal (born 10 December 1960) is an Indian playback singer known for his work in Malayalam films. He started his singing career in the film “Odaruthammaava Aalariyaam” (1984). Since then he has sung in more than 300 films; and has over 500 private albums to his credit. The many awards he has won include the coveted Best Playback Singer (Kerala State) which he won thrice, the Film Critics award and the Kerala Kaumudi Gallop Poll award (twice). He won The Kerala State award for Best Playback singer (2004) third time for the song ”aadedee..aadaadedee” from the film ”Ullam”.Venugopal’ Reference [2] Kerala State Film Awards: Kerala Film Critics Award Kerala State Government Award (Profes- sional Drama): Asianet Film Awards: Kerala Kaumadi Gallup Poll Award: Academic G.
396	ds: Kerala Film Critics Award Kerala State Government Award (Profes- sional Drama): Asianet Film Awards: Kerala Kaumadi Gallup Poll Award: Academic G. Venugopal G Venugopal (born 10 December 1960) is an Indian playback singer known for his work in Malayalam films. Table 7: Examples of outputs. 25
397	Preprint. Instructions Given an instruction, please make a judgment on whether finding some external documents from the web (e.g., Wikipedia) helps to generate a better response. Please answer [Yes] or [No] and write an explanation. Demonstrations Instruction Give three tips for staying healthy. Need retrieval? [Yes] Explanation There might be some online sources listing three tips for staying healthy or some reliable sources to explain the effects of different behaviors on health. So retrieving documents is helpful to improve the response to this query. Instruction Describe a time when you had to make a difficult decision. Need retrieval? [No] Explanation This instruction is asking about some personal experience and thus it does not require one to find some external documents. Instruction Write a short story in third person narration about a protagonist who has to make an important career decision. Need retrieval? [No] Explanation This instruction asks us to write a short story,
398	on about a protagonist who has to make an important career decision. Need retrieval? [No] Explanation This instruction asks us to write a short story, which does not require external evidence to verify. Instruction What is the capital of France? Need retrieval? [Yes] Explanation While the instruction simply asks us to answer the capital of France, which is a widely known fact, retrieving web documents for this question can still help. Instruction Find the area of a circle given its radius. Radius = 4 Need retrieval? [No] Explanation This is a math question and although we may be able to find some documents describing a formula, it is unlikely to find a document exactly mentioning the answer. Instruction Arrange the words in the given sentence to form a grammatically cor- rect sentence. quickly the brown fox jumped Need retrieval? [No] Explanation This task doesn’t require any external evidence, as it is a simple grammatical question. Instruction Explain the process of cellular
399	[No] Explanation This task doesn’t require any external evidence, as it is a simple grammatical question. Instruction Explain the process of cellular respiration in plants. Need retrieval? [Yes] Explanation This instruction asks for a detailed description of a scientific concept, and is highly likely that we can find a reliable and useful document to support the response. Table 8: Instructions and demonstrations for Retrieve aspect given the input only. 26
400	Preprint. Instructions You will be provided with an instruction, evidence, output sentence, and preceding sentences (optional). If the preceding sentence is given, the output should be the sentence that follows those preceding sentences. Your task is to determine whether the information in the output sentence can be fully verified by the evidence or if it requires further external verification. There are three cases: - If the output sentence can be verified solely with the evidence, then respond with [Continue to Use Evidence]. - If the sentence doesn’t require any factual verification (e.g., a subjective sentence or a sentence about common sense), then respond with [No Retrieval]. - If additional information is needed to verify the output sentence, respond with [Retrieval]. Please provide explanations for your judgments. Instruction Explain the use of word embeddings in Natural Language Processing. Preceding sentences Word embeddings are one of the most powerful tools available for
401	xplain the use of word embeddings in Natural Language Processing. Preceding sentences Word embeddings are one of the most powerful tools available for Natural Language Processing (NLP). They are mathematical representations of words or phrases in a vector space, allowing similarities between words and the context in which they are used to be measured. Evidence: Word embedding Word embedding is the collective name for a set of language modeling and feature learning techniques in natural language processing (NLP) where words or phrases from the vocabulary are mapped to vectors of real numbers. Conceptually it involves a mathematical embedding from a space with one dimension per word to a continuous vector space with a much lower dimension. Output: Word embeddings are useful for tasks such as sentiment analysis, text classification, predicting the next word in a sequence, and understanding synonyms and analogies. Rating [Retrieval] Explanation The output discusses the applications of
402	dicting the next word in a sequence, and understanding synonyms and analogies. Rating [Retrieval] Explanation The output discusses the applications of word embeddings, while the evidence only discusses the definitions of word embeddings and how they work. Therefore, we need to retrieve other evidence to verify whether the output is correct or not. Table 9: Instructions and demonstrations for Retrieve aspect given the input, preceding generations, and retrieved passages. 27
403	Preprint. Instructions You’ll be provided with an instruction, along with evidence and possibly some preceding sentences. When there are preceding sentences, your focus should be on the sentence that comes after them. Your job is to determine if the evidence is relevant to the initial instruction and the preceding context, and provides useful information to complete the task described in the instruction. If the evidence meets this requirement, respond with [Relevant]; otherwise, generate [Irrelevant]. Instruction Given four answer options, A, B, C, and D, choose the best answer. Input Earth’s rotating causes A: the cycling of AM and PM B: the creation of volcanic eruptions C: the cycling of the tides D: the creation of gravity Evidence Rotation causes the day-night cycle which also creates a corresponding cycle of temperature and humidity creates a corresponding cycle of temperature and humidity. Sea level rises and falls twice a day as the earth rotates. Rating [Relevant] Explanation
404	y creates a corresponding cycle of temperature and humidity. Sea level rises and falls twice a day as the earth rotates. Rating [Relevant] Explanation The evidence explicitly mentions that the rotation causes a day-night cycle, as described in the answer option A. Instruction age to run for US House of Representatives Evidence The Constitution sets three qualifications for service in the U.S. Senate: age (at least thirty years of age); U.S. citizenship (at least nine years); and residency in the state a senator represents at the time of election. Rating [Irrelevant] Explanation The evidence only discusses the ages to run for the US Senate, not for the House of Representatives. Table 10: Instructions and demonstrations for ISREL aspect given the input only. 28
405	Preprint. Instructions You will receive an instruction, evidence, and output, and optional preceding sentences. If the preceding sentence is given, the output should be the sentence that follows those preceding sentences. Your task is to evaluate if the output is fully supported by the information provided in the evidence. Use the following entailment scale to generate a score: - [Fully supported] - All information in output is supported by the evidence, or extractions from the evidence. This is only applicable when the output and part of the evidence are almost identical. - [Partially supported] - The output is supported by the evidence to some extent, but there is major information in the output that is not discussed in the evidence. For example, if an instruction asks about two concepts and the evidence only discusses either of them, it should be considered a [Partially supported]. - [No support / Contradictory] - The output completely ignores evidence, is unrelated to the
406	of them, it should be considered a [Partially supported]. - [No support / Contradictory] - The output completely ignores evidence, is unrelated to the evidence, or contradicts the evidence. This can also happen if the evidence is irrelevant to the instruction. Make sure to not use any external information/knowledge to judge whether the out- put is true or not. Only check whether the output is supported by the evidence, and not whether the output follows the instructions or not. Instruction Explain the use of word embeddings in Natural Language Processing. Preceding sentences Word embeddings are one of the most powerful tools available for Natural Language Processing (NLP). They are mathematical representations of words or phrases in a vector space, allowing similarities between words and the context in which they are used to be measured. Output Word embeddings are useful for tasks such as sentiment analysis, text classification, predicting the next word in a sequence, and
407	be measured. Output Word embeddings are useful for tasks such as sentiment analysis, text classification, predicting the next word in a sequence, and understanding synonyms and analogies. Evidence Word embedding Word embedding is the collective name for a set of language modeling and feature learning techniques in natural language processing (NLP) where words or phrases from the vocabulary are mapped to vectors of real numbers. Conceptually it involves a mathematical embedding from a space with one dimension per word to a continuous vector space with a much lower dimension. Methods to generate this mapping include neural networks, dimensionality reduction on the word co-occurrence matrix, probabilistic models, explainable knowledge base method, and explicit representation in terms of the context in which words appear. Word and phrase embeddings, when used as the underlying input representation, have been shown to boost the performance in NLP tasks such as syntactic parsing, sentiment
408	beddings, when used as the underlying input representation, have been shown to boost the performance in NLP tasks such as syntactic parsing, sentiment analysis, next token predictions as well and analogy detection. Score [Fully supported] Explanation The output sentence discusses the application of word embeddings, and the evidence mentions all of the applications syntactic parsing, sentiment analysis, next token predictions as well as analogy detection as the applications. Therefore, the score should be [Fully supported]. Table 11: Instructions and demonstrations for ISSUP tokens. 29
409	Preprint. Instructions Given an instruction and an output, rate whether the response appears to be a helpful and informative answer to the query, from 1 (lowest) - 5 (highest). We call this score perceived utility. The detailed criterion is as follows: 5: The response provides a complete, highly detailed, and informative response to the query, fully satisfying the information needs. 4: The response mostly fulfills the need in the query, while there can be some minor improvements such as discussing more detailed information, having better structure of the response, or im- proving coherence. 3: The response is acceptable, but some major additions or improvements are needed to satisfy users’ needs. 2: The response still addresses the main request, but it is not complete or not relevant to the query. 1: The response is barely on-topic or completely irrelevant. Instruction Who is the current prime minister of the UK as of 2023? Output Boris Johnson was the prime minister of the UK from
410	completely irrelevant. Instruction Who is the current prime minister of the UK as of 2023? Output Boris Johnson was the prime minister of the UK from 2019 - 2022. Perceived utility 2 Explanation While the output provides a factually correct statement about the UK prime minister from 2019 to 2022, this instruction asks who the prime minister is as of 2023, so it doesn’t answer the instruction. Therefore, the utility is 2. Instruction Given a description of a travel destination, recommend 10 tourist attrac- tions with detailed descriptions of each. The travel destination is Tokyo, Japan. Output Tokyo is a vibrant city full of exciting tourist attractions. Some must-see sights include the Tokyo Skytree, Tokyo Disneyland, Sensoji Temple, Meiji Shrine, Tsukiji Fish Market, Harajuku, and Shinjuku Gyoen. Perceived utility 3 Explanation This output doesn’t provide descriptions of each attraction and the number of the attractions is also less than 10. While this output partially answers the
411	output doesn’t provide descriptions of each attraction and the number of the attractions is also less than 10. While this output partially answers the instructions, it doesn’t match the instructions strictly. Table 12: Instructions and demonstrations for ISUSE tokens. 30
